index,module,topic,color,feed,term,created,country,ratio,counter,pages,language,ipcc,continent
'bed53cc600',extremes,Precipitation,#d60d2b,wmo,chuva torrencial brasil,2026-09-06T07:16:00+00:00,Brazil,0.746901453606069,4,2,pt,SAM,South-America
'7978d58b02',extremes,Precipitation,#d60d2b,wmo,chuva brasil,2026-09-09T07:32:00+00:00,Brazil,0.7289445869505953,5,3,pt,SAM,South-America
'a67d956829',extremes,Heat Wave,#c40202,wmo,onda de calor faro,2026-09-03T07:20:00+00:00,Portugal,0.7138585744898017,2,2,pt,MED,Europe
'9a93354f3b',extremes,Drought,#edc291,edo,período de seca em angola,2026-08-27T13:00:00+00:00,Angola,0.706803238997825,2,2,pt,WSAF,Africa
'7941ab1629',extremes,Snow&Ice,#d60d2b,wmo,neve brasil,2026-08-22T03:22:00+00:00,Brazil,0.6902359014267067,2,3,pt,SAM,South-America
'8bc0bfe218',extremes,Precipitation,#d60d2b,wmo,chuva torrencial brasil,2026-08-31T08:51:00+00:00,Brazil,0.6768881306209769,2,2,pt,SAM,South-America
'f63fff75f8',extremes,Heat Wave,#c40202,wmo,onda de calor viseu,2026-09-05T07:05:00+00:00,Portugal,0.6527477680836755,2,2,pt,MED,Europe
'7bb40cd5c3',extremes,Heat Wave,#c40202,wmo,onda de calor santarém,2026-09-05T07:05:00+00:00,Portugal,0.6501116741863654,2,1,pt,MED,Europe
'7e91e7b557',extremes,Storm,#b3b2b1,wmo,tempestade viseu,2026-08-27T13:00:00+00:00,Portugal,0.6487322900340046,2,2,pt,MED,Europe
'bd061badb4',extremes,Drought,#edc291,edo,seca brasil,2026-08-25T03:27:00+00:00,Brazil,0.6482596948415591,1,3,pt,SAM,South-America
'9e3f2c6665',extremes,Storm,#b3b2b1,wmo,tempestade lisboa,2026-08-23T03:30:00+00:00,Portugal,0.646757540091828,3,3,pt,MED,Europe
'63b77c6e40',extremes,Drought,#edc291,edo,período de seca no brasil,2026-08-23T03:30:00+00:00,Brazil,0.6443526518689953,2,3,pt,SAM,South-America
'e4bab913ee',extremes,Heat Wave,#c40202,wmo,onda de calor braga,2026-09-12T07:19:00+00:00,Portugal,0.6414022230539325,3,2,pt,MED,Europe
'4aba7f7834',extremes,Heat Wave,#c40202,wmo,onda de calor leiria,2026-09-03T07:20:00+00:00,Portugal,0.6302979478752129,2,2,pt,MED,Europe
'12775cc05a',extremes,Drought,#edc291,wmo,seca brasil,2026-08-18T03:24:00+00:00,Brazil,0.6214781667579158,2,3,pt,SAM,South-America
'a23bbf67d4',extremes,Precipitation,#d60d2b,wmo,chuva porto,2026-08-26T03:34:00+00:00,Portugal,0.6133155191292305,1,3,pt,MED,Europe
'f24ce754a3',extremes,Drought,#edc291,edo,seca timor leste,2026-08-24T03:32:00+00:00,Timor Leste,0.6062057413087648,1,2,pt,SEA,Oceania
'4409ccb8a7',extremes,Precipitation,#d60d2b,wmo,precipitação bragança,2026-08-24T03:32:00+00:00,Portugal,0.6033975619334584,1,3,pt,MED,Europe
'90213cba9a',extremes,Heat Wave,#c40202,wmo,onda de calor setúbal,2026-09-03T07:20:00+00:00,Portugal,0.5971675732572218,2,1,pt,MED,Europe
'804c464330',extremes,Precipitation,#d60d2b,wmo,precipitação santarém,2026-08-24T03:32:00+00:00,Portugal,0.582161747820628,1,3,pt,MED,Europe
'0b5dad7a57',extremes,Precipitation,#d60d2b,meteo,chuva portugal,2026-08-23T03:30:00+00:00,Portugal,0.5807449020097295,1,2,pt,MED,Europe
'42f57c351b',extremes,Precipitation,#d60d2b,wmo,precipitação viseu,2026-08-23T03:30:00+00:00,Portugal,0.5784773251673212,1,3,pt,MED,Europe
'06532967b8',extremes,Drought,#edc291,edo,falta de chuva brasil,2026-08-31T08:51:00+00:00,Brazil,0.5783016513114463,2,3,pt,SAM,South-America
'ca5324e6b9',extremes,Thunderstorm,#53785a,wmo,trovoada santarém,2026-08-24T03:32:00+00:00,Portugal,0.5653618284465035,1,2,pt,MED,Europe
'f224285544',extremes,Drought,#edc291,edo,seca portugal,2026-09-02T07:17:00+00:00,Portugal,0.5648777281000292,1,2,pt,NAO,Atlantic Ocean
'3ad40dcab5',extremes,Storm,#b3b2b1,wmo,tempestade guarda,2026-08-23T03:30:00+00:00,Portugal,0.5648127083993945,1,2,pt,MED,Europe
'e625fa296a',extremes,Storm,#b3b2b1,wmo,tempestade macau,2026-09-01T07:58:00+00:00,Macao,0.5635254792858856,2,1,pt,EAS,Asia
'0e86fe00f3',extremes,Heat Wave,#c40202,wmo,onda de calor beja,2026-09-07T07:29:00+00:00,Portugal,0.5568449267729358,2,1,pt,MED,Europe
'92777b5f3e',extremes,Drought,#edc291,edo,seca timor leste,2026-08-27T13:00:00+00:00,Timor Leste,0.5427879924408308,1,2,pt,SEA,Oceania
'afb611a4c3',extremes,Drought,#edc291,edo,seca portugal,2026-08-25T03:27:00+00:00,Portugal,0.5403090530715409,1,2,pt,NAO,Atlantic Ocean
'e99f8a16bb',extremes,Wildfire,#d60d2b,effis,incêndio florestal alto alentejo portugal,2026-09-12T07:19:00+00:00,Portugal,0.5358715751716078,3,2,pt,MED,Europe
'207425ce99',extremes,Precipitation,#d60d2b,wmo,chuva castelo branco,2026-08-24T03:32:00+00:00,Portugal,0.5356250767185361,1,2,pt,MED,Europe
'224b730a59',extremes,Storm,#b3b2b1,wmo,tempestade castelo branco,2026-09-05T07:05:00+00:00,Portugal,0.5334118855630595,1,2,pt,MED,Europe
'd626409dfa',extremes,Precipitation,#d60d2b,wmo,chuva coimbra,2026-08-23T03:30:00+00:00,Portugal,0.5271757270840607,1,2,pt,MED,Europe
'a7738c1b1e',extremes,Precipitation,#d60d2b,wmo,chuva braga,2026-08-27T13:00:00+00:00,Portugal,0.5265003003752631,1,2,pt,MED,Europe
'a90f4cf9e4',extremes,Precipitation,#d60d2b,wmo,precipitação leiria,2026-08-26T03:34:00+00:00,Portugal,0.5221057080799418,2,3,pt,MED,Europe
'c01c09fac9',extremes,Drought,#edc291,edo,seca moçambique,2026-08-28T14:32:00+00:00,Mozambique,0.5111283435877527,1,2,pt,ESAF,Africa
'20518df42d',extremes,Heat Wave,#c40202,wmo,onda de calor portalegre,2026-09-06T07:16:00+00:00,Portugal,0.5059221502300323,2,1,pt,MED,Europe
'9aceadd432',extremes,Heat Wave,#c40202,random,calor recorde,2026-09-02T07:16:00+00:00,,0.5027448706426917,2,3,pt,,
'a00084983d',extremes,Thunderstorm,#53785a,wmo,trovoada Aveiro,2026-08-27T13:00:00+00:00,Portugal,0.4981998761849115,1,2,pt,MED,Europe
'1c77a8d58e',extremes,Wildfire,#d60d2b,effis,incêndio florestal alto alentejo portugal,2026-09-01T07:57:00+00:00,Portugal,0.4945151599819518,1,2,pt,MED,Europe
'c0602baaa8',extremes,Thunderstorm,#53785a,wmo,granizo porto,2026-08-23T03:30:00+00:00,Portugal,0.487050105926452,1,3,pt,MED,Europe
'3b5a32e02d',extremes,Precipitation,#d60d2b,wmo,precipitação lisboa,2026-08-26T03:34:00+00:00,Portugal,0.4852079263031758,1,2,pt,MED,Europe
'0a98fdd376',extremes,Snow Avalanche,#deddd5,random,avalanche,2026-09-10T07:28:00+00:00,,0.4837769465707691,1,3,pt,,
'10f476720b',extremes,Insect Infestation,#d60d2b,random,gafanhoto,2026-09-02T07:16:00+00:00,,0.4800165279470182,1,2,pt,,
'0053afc92f',extremes,Volcano,#b83202,random,lahar,2026-09-12T07:19:00+00:00,,0.4792230594973505,1,2,pt,,
'16a8cea79c',extremes,Storm,#b3b2b1,wmo,tempestade Bragança,2026-09-05T07:05:00+00:00,Portugal,0.4765567486387271,2,2,pt,MED,Europe
'7829461982',extremes,Wildfire,#d60d2b,effis,incêndio florestal portugal alto alentejo ponte de sor tramaga e vale de açor,2026-09-12T07:19:00+00:00,Portugal,0.4762168115995304,2,1,pt,MED,Europe
'5b8cf400f9',extremes,Iceberg,#d60d2b,random,iceberg partindo,2026-08-30T08:29:00+00:00,,0.4745318959054662,1,2,pt,,
'0d261f252d',extremes,Storm,#b3b2b1,random,vendaval de inverno,2026-08-26T03:33:00+00:00,,0.4740138868289943,1,2,pt,,
'89fcf5c848',extremes,Tropical Cyclone,#4f4f4f,eonet,furacão Marie,2026-09-04T07:23:00+00:00,,0.471927763601575,2,2,pt,NPO,Pacific Ocean
'80462e91eb',extremes,Tropical Cyclone,#4f4f4f,random,ciclone,2026-09-01T07:57:00+00:00,,0.4708186211094826,1,3,pt,,
'de3b36bacb',extremes,Thunderstorm,#53785a,random,tempo severo,2026-08-23T03:30:00+00:00,,0.4678439644457471,1,3,pt,,
'ee63b257d5',extremes,Tropical Cyclone,#4f4f4f,random,tempestade tropical,2026-08-23T03:30:00+00:00,,0.4642131873532036,1,3,pt,,
'1d1ceffa9e',extremes,Wildfire,#d60d2b,effis,incêndio florestal portugal alentejo central redondo,2026-09-10T07:28:00+00:00,Portugal,0.4579886000026489,2,1,pt,MED,Europe
'd59a7e48d7',extremes,Drought,#edc291,random,evapotranspiração,2026-08-28T14:31:00+00:00,,0.4577598164398196,1,2,pt,,
'84dfdca0f8',extremes,Thunderstorm,#53785a,random,granizo,2026-08-20T03:26:00+00:00,,0.4388071510414571,1,3,pt,,
'65f77d0686',extremes,Tropical Cyclone,#4f4f4f,wmo,furacão macau,2026-09-03T07:20:00+00:00,Macao,0.4382490862982687,2,1,pt,EAS,Asia
'ea1c03418f',extremes,Snow&Ice,#d60d2b,random,granizo,2026-08-26T03:33:00+00:00,,0.4352305008849169,1,3,pt,,
'9f0423d739',extremes,Drought,#edc291,random,secura,2026-08-27T13:00:00+00:00,,0.4286845438821097,1,3,pt,,
'bff56e4df5',extremes,Wildfire,#d60d2b,effis,incêndio florestal no Alentejo centro de Portugal,2026-09-10T07:28:00+00:00,Portugal,0.4247019195842021,2,1,pt,MED,Europe
'8b3539a59c',extremes,Drought,#edc291,edo,falta de chuva moçambique,2026-09-08T07:23:00+00:00,Mozambique,0.4209854764440285,1,1,pt,ESAF,Africa
'bdaadb8976',extremes,Tropical Cyclone,#4f4f4f,eonet,tempestade tropical Lowell,2026-08-31T08:51:00+00:00,,0.4207491024833305,1,2,pt,NPO,Pacific Ocean
'7d72d405be',extremes,Tropical Cyclone,#4f4f4f,eonet,furacão Lowell,2026-09-02T07:16:00+00:00,,0.4206997297709545,1,2,pt,NPO,Pacific Ocean
'ccefefc59e',extremes,Drought,#edc291,random,seca repentina,2026-09-08T07:23:00+00:00,,0.4203516215326242,1,2,pt,,
'd09bf63e8b',extremes,Wildfire,#d60d2b,effis,incêndio florestal portugal terras de trás os montes abreiro,2026-09-10T07:28:00+00:00,Portugal,0.4193363457656092,2,1,pt,MED,Europe
'3eeb492abf',extremes,Tropical Cyclone,#4f4f4f,eonet,tempestade tropical Marie,2026-09-03T07:20:00+00:00,,0.4188942863059738,1,2,pt,NPO,Pacific Ocean
'f4a79cb90e',extremes,Wildfire,#d60d2b,effis,incêndio florestal na Itália,2026-08-27T13:00:00+00:00,Italy,0.418674264577868,1,2,pt,MED,Europe
'8b9b805fcc',extremes,Wildfire,#d60d2b,effis,incêndio florestal na Noruega,2026-08-27T13:00:00+00:00,Norway,0.4182272256859972,1,2,pt,NEU,Europe
'45500dcb47',extremes,Precipitation,#d60d2b,random,chuva recorde,2026-08-22T03:22:00+00:00,,0.4137706850708523,1,3,pt,,
'3d4dbc8c3b',extremes,Precipitation,#d60d2b,random,chuva forte,2026-08-22T03:22:00+00:00,,0.4136151585720314,1,3,pt,,
'ce2c22cb71',extremes,Wildfire,#d60d2b,effis,incêndio cávado portugal,2026-09-08T07:23:00+00:00,Portugal,0.411417636835428,1,1,pt,MED,Europe
'4d9577e33d',extremes,Volcano,#b83202,random,vulcão,2026-08-25T03:27:00+00:00,,0.4108087616331287,1,3,pt,,
'b073fed5b4',extremes,Snow&Ice,#d60d2b,random,geada,2026-08-31T08:51:00+00:00,,0.4095252072739554,1,3,pt,,
'd2b5043a66',extremes,Cold Wave,#a7e9fa,random,temperatura mínima mais baixa,2026-09-02T07:16:00+00:00,,0.4060078710251067,1,2,pt,,
'980a973102',extremes,Tropical Cyclone,#4f4f4f,random,ciclone bomba,2026-08-28T14:31:00+00:00,,0.4016609513165604,1,2,pt,,
'1405131905',extremes,Thunderstorm,#53785a,random,granizo,2026-08-29T09:18:00+00:00,,0.4005216922090771,1,3,pt,,
'31af2038e5',extremes,Earthquake,#870007,usgs,terremoto pante makasar,2026-09-11T07:27:00+00:00,Timor Leste,0.3995460182863093,2,1,pt,SEA,Asia
'b1d56de062',extremes,Snow&Ice,#d60d2b,random,geada,2026-09-10T07:28:00+00:00,,0.3985534873486721,1,3,pt,,
'e638a6fdcd',extremes,Tropical Cyclone,#4f4f4f,eonet,furacão karina,2026-08-31T08:51:00+00:00,,0.3960972946121669,1,2,pt,NPO,Pacific Ocean
'95b2881221',extremes,Precipitation,#d60d2b,random,rio atmosférico,2026-09-01T07:57:00+00:00,,0.3879211669831572,1,2,pt,,
'4dc8bdbf14',extremes,Flood,#030ba1,random,inundação do rio,2026-08-31T08:51:00+00:00,,0.3869390499991262,1,2,pt,,
'20741ce7eb',extremes,Tsunami,#690191,random,tsunami,2026-08-30T08:29:00+00:00,,0.3816089450581181,1,2,pt,,
'135f8534c2',extremes,Precipitation,#d60d2b,random,mais precipitação,2026-08-26T03:33:00+00:00,,0.3789953547911803,1,2,pt,,
'4d947a163c',extremes,Wildfire,#d60d2b,effis,incêndio florestal portugal alto tâmega vilar e viveiro,2026-09-03T07:20:00+00:00,Portugal,0.3749217747037379,1,1,pt,MED,Europe
'a8955ad6a2',extremes,Cold Wave,#a7e9fa,random,onda de frio,2026-08-29T09:18:00+00:00,,0.3747011303311208,1,3,pt,,
'a7d549affe',extremes,Wildfire,#d60d2b,effis,incêndio florestal portugal douro louredo e fornelos,2026-09-10T07:28:00+00:00,Portugal,0.3668585456257369,1,1,pt,MED,Europe
'89bc7b7f87',extremes,Wildfire,#d60d2b,effis,incêndio florestal portugal ave ardegão arnozela e seidões,2026-09-08T07:23:00+00:00,Portugal,0.3570541128525731,1,1,pt,MED,Europe
'1294658211',extremes,Wildfire,#d60d2b,effis,incêndio florestal portugal cávado oliveira,2026-09-08T07:23:00+00:00,Portugal,0.3562705032534852,1,1,pt,MED,Europe
'2d6679ec64',extremes,Wildfire,#d60d2b,effis,incêndio florestal portugal alto minho ribeira,2026-09-08T07:23:00+00:00,Portugal,0.3558869391084784,1,1,pt,MED,Europe
'07a6cd59fe',extremes,Wildfire,#d60d2b,effis,incêndio florestal portugal tâmega e sousa friande,2026-09-08T07:23:00+00:00,Portugal,0.354927176497069,1,1,pt,MED,Europe
'f5a96b39f5',extremes,Wildfire,#d60d2b,effis,fogo selvagem douro portugal,2026-09-10T07:28:00+00:00,Portugal,0.3538034993237739,1,1,pt,MED,Europe
'93a71cc7cb',extremes,Wildfire,#d60d2b,effis,incêndio florestal portugal área metropolitana do porto monte córdova,2026-09-03T07:20:00+00:00,Portugal,0.3533550772334244,1,1,pt,MED,Europe
'5c01fa404d',extremes,Wildfire,#d60d2b,effis,fogo selvagem portugal tâmega e sousa vila cova da lixa e borba de godim,2026-09-08T07:23:00+00:00,Portugal,0.3525930495060622,1,1,pt,MED,Europe
'28f361c5cc',extremes,Wildfire,#d60d2b,effis,incêndio tâmega e sousa portugal,2026-09-08T07:23:00+00:00,Portugal,0.3525070876788861,1,1,pt,MED,Europe
'69791e5a17',extremes,Flood,#030ba1,random,inundação repentina,2026-09-03T07:20:00+00:00,,0.3482748382069072,1,3,pt,,
'8cb5db3b79',extremes,Wildfire,#d60d2b,effis,incêndio florestal alto tâmega portugal,2026-09-03T07:20:00+00:00,Portugal,0.3481211976853589,1,1,pt,MED,Europe
'690c0d80e6',extremes,Wildfire,#d60d2b,effis,incêndio florestal na Itália,2026-08-27T13:00:00+00:00,Italy,0.3442805953657469,1,2,pt,MED,Europe
'62084daeb0',extremes,Earthquake,#870007,random,terremoto,2026-09-05T07:04:00+00:00,,0.3402794582893932,1,2,pt,,
'c4f1f0cbf9',extremes,Iceberg,#d60d2b,random,iceberg arctis,2026-09-08T07:23:00+00:00,,0.3343663529343995,1,1,pt,,
'8d4e6fcc3e',extremes,Snow&Ice,#d60d2b,random,tempestade de neve,2026-09-09T07:32:00+00:00,,0.3305604175623227,2,1,pt,,
'a652c78afc',extremes,Drought,#edc291,random,megaseca,2026-09-03T07:20:00+00:00,,0.3218654491131005,1,1,pt,,
'316d1f2389',extremes,Wildfire,#d60d2b,effis,incêndio florestal portugal tâmega e sousa agilde,2026-09-08T07:23:00+00:00,Portugal,0.3021746759809582,2,1,pt,MED,Europe
'8f29727ea9',extremes,Drought,#edc291,edo,seca Guiné Equatorial,2026-09-06T07:16:00+00:00,Equatorial Guinea,0.2943851295555685,1,1,pt,WAF,Africa
'ffb1582a8d',extremes,Drought,#edc291,edo,falta de chuva macau,2026-09-03T07:20:00+00:00,Macao,0.287126304965042,1,1,pt,EAS,Asia
'959012e5b8',extremes,Drought,#edc291,edo,período de seca em Timor Leste,2026-09-12T07:19:00+00:00,Timor Leste,0.2808080602791487,2,1,pt,SEA,Oceania
'1d33bbdbbe',extremes,Snow&Ice,#d60d2b,random,soprando neve,2026-09-06T07:16:00+00:00,,0.2724054531235918,2,1,pt,,
