day,sentiment_mean,sentiment_std,subjectivity_mean,subjectivity_std,counting
2025-11-18,-0.35417277578694584,1.0,-2.3088263334957566,1.0,1.0
2025-11-19,-0.18692270915092882,0.7568106165490223,-0.41295944901645393,0.9951286599851856,5.0
2025-11-20,-0.2391517432638637,0.4865360065685447,-0.745744031264496,1.2214455441188619,4.0
2025-11-21,-1.1626055445611039,1.2110525006523378,0.44841261253558296,1.1671737427932267,3.0
2025-11-24,0.026987122150822607,2.2664495234644852,0.4238773076886551,1.040723768698736,8.0
2025-11-25,-0.02753120833642264,0.6980727111913432,0.6721301464089324,1.8554537730162082,4.0
2025-11-26,0.31382571390148695,1.266850577998595,-0.2256596104719389,1.200996780328963,5.0
2025-11-27,-0.28961121627263264,0.9285722894064022,0.012163303616309368,1.3119014402679219,5.0
2025-11-28,0.18027060673376752,0.37670077377276223,-0.3822989021762728,0.9879917497360314,8.0
2025-11-29,-0.35448582875612755,1.218251130726262,0.25265485310732083,0.4577119326858303,5.0
2025-11-30,-0.6240710500428492,0.022232960381544424,-0.6016879783866744,0.8919851828014852,2.0
2025-12-01,-0.46375889757481437,0.7812500994698551,-0.4159400164355974,0.5107873213354445,8.0
2025-12-02,-0.04306062715320602,1.6090843717294236,0.2786137191838442,0.7566275643302298,6.0
2025-12-03,-0.5981218673582812,1.172228513480464,0.2957809472353682,1.013999436202414,5.0
2025-12-04,0.7332159534708891,1.4930468231969525,0.4402270908192961,1.1431776410389434,7.0
2025-12-05,0.3353974862237154,0.8839636781993776,-0.07672300690891697,1.1358220596110153,11.0
2025-12-06,0.6432867882944275,0.4294956725414717,-0.34870533886652677,0.01244209254930587,2.0
2025-12-07,-0.5348604298660101,0.3401033872617033,-0.44052042190273133,0.3876223120346099,2.0
2025-12-08,-0.05931229620270706,0.9713766190223874,0.3383917442589318,0.8150598619941186,9.0
2025-12-09,-0.07041797891135562,1.043886394345293,-0.09114134913374096,1.4986115659506094,16.0
2025-12-10,0.2562711952105524,1.124997273153787,0.12055868110954522,0.945180644934992,19.0
2025-12-11,0.10483882103746886,0.3129364900243514,-0.20103171230640632,0.9148487942742011,10.0
2025-12-12,0.09289820979278655,1.3177712145841205,0.046187166971214125,0.6496449780896092,13.0
2025-12-13,-0.3910865106788003,1.0474806666106176,-0.29332230096975875,0.9509313207255274,10.0
2025-12-14,-0.07052579276555668,0.7627724389446418,0.2993923159944219,0.824029050440097,5.0
2025-12-15,-0.3817010169756284,1.1968592037134953,0.3695798143285298,0.8688401608844465,8.0
2025-12-16,0.5099455779893031,1.083760291443033,-0.08462323535190179,1.1251939728632891,6.0
2025-12-17,0.3077256093507759,1.0249673288473684,-0.2634899312751945,1.087473361782238,10.0
2025-12-18,-0.06881608523945511,0.8457814485946097,-0.27275502618597985,0.9380163257382982,12.0
2025-12-19,0.23892818915404443,0.7411724461504372,0.7758549117874945,1.1777576776783192,8.0
2025-12-20,0.2055626789633093,0.6630331443769087,-0.3229059557504288,1.2983165769286835,9.0
2025-12-21,-0.23526068931788088,0.8072606818708067,-0.2399472000548104,1.2795041419372868,10.0
2025-12-22,0.004633051695024631,0.5331607597815722,-0.12834271854899448,1.4661320641450903,4.0
2025-12-23,0.11057276080079494,1.1469041776511757,0.077071996526199,0.9136259762727289,6.0
2025-12-24,0.564691859039676,0.9993194888037398,0.16118139535299855,0.9574430288399512,11.0
2025-12-25,0.10978684724136942,0.4266347315296833,-0.366859288997974,0.6100084757179304,4.0
2025-12-26,0.28749628517993214,1.6241754505475938,0.05400932717296485,0.8100289492300188,10.0
2025-12-27,-0.2616965851817799,0.6787814210206576,-0.04387697025008031,0.8548997300885876,13.0
2025-12-28,-0.518950469000089,0.9157519466216116,-0.017523692365656904,0.534136825788886,8.0
2025-12-29,0.16809323999131398,0.6654950303009829,-0.547882257160109,0.8531188626827463,9.0
2025-12-30,1.3350669893388327,0.8759157986317638,0.14245011667527252,0.4695936037304195,2.0
2025-12-31,0.3558876758347669,1.2862379595365308,0.5019838268773802,0.8172263275647871,5.0
2026-01-01,-0.13447882555026514,1.0,0.04870662307621047,1.0,1.0
2026-01-02,-0.2999350919718363,0.8429613398265401,-0.28726029414866455,0.9616118611953335,5.0
2026-01-03,-0.6033860045475314,2.1343868986555905,0.07366310805681575,1.3235997845467746,2.0
2026-01-04,0.30526987916078935,0.7527948139627337,-0.5579704558752554,1.009740957230188,2.0
2026-01-05,0.1256292706415524,1.7443430853964625,0.5307161796311118,0.44365373330146507,3.0
2026-01-06,0.26693828315309187,1.0,1.017360880664792,1.0,1.0
2026-01-07,-0.22485668318012852,0.9783759586077958,-0.14363111017990313,1.0172781022474344,4.0
2026-01-08,0.6486462710470993,0.5646544581301345,0.45775450919898925,0.8181277868625852,3.0
2026-01-09,0.027696991024148132,1.6758711702441336,0.6250208141259769,0.28287231668670587,3.0
2026-01-10,0.6248217412695013,0.9757191755384064,-0.9166346043824143,0.24055952091631236,2.0
2026-01-11,-0.1614341097339857,0.341995490284428,-0.30900041978830745,1.510998906506961,5.0
2026-01-12,-0.23396518943318506,1.1118075581980915,0.5325190930124819,0.8879828714417249,5.0
2026-01-13,0.1587169265428107,1.0612204189528642,-0.09824593576289893,1.1672525888698142,3.0
2026-01-14,0.224757886591982,1.5394555682241664,-0.17532163882176147,1.0974065061378235,3.0
2026-01-15,-0.35290088869409136,0.5404075363308308,-0.30606830648720695,0.18054164692354352,3.0
2026-01-16,0.09073747802687264,0.880807865989332,-0.7996906514125587,0.7739646632919434,5.0
2026-01-17,-0.8081354333074021,0.6044132556840907,-0.4659774083137127,0.9426142930919152,3.0
2026-01-18,0.09450885362209116,0.7514332550486804,0.35711817104973,0.44763632756802213,2.0
2026-01-19,-0.5722100824143442,0.5267993288443069,-0.7842024427488051,0.4981821786297844,3.0
2026-01-20,-0.6605377068290087,1.2007622157572035,-0.23280928515987115,1.0611235392465603,4.0
2026-01-21,-0.10921431265097654,0.6988314638535138,-0.8635877160504757,0.8824981388291943,5.0
2026-01-22,-0.46585380124280074,0.5564932105999258,-0.273678618619197,1.306712869062542,11.0
2026-01-23,-0.16182797618394823,1.0723661178848545,0.5065024818777273,1.268909352422619,5.0
2026-01-24,-0.9426368256439176,1.0359761130272307,-0.29783045667771935,1.132303431799733,4.0
2026-01-25,-0.2056404425318598,0.4142366000801773,-0.05148878545607785,0.689627952036017,2.0
2026-01-26,-0.4659060199582984,1.0047109382869828,-0.13362437569653882,1.2364223845503926,15.0
2026-01-27,-0.1286576483145037,1.1280860756957607,0.4031876309124507,0.5877627831248824,10.0
2026-01-28,0.08305021242497647,0.8057376710761296,0.22846783447516802,1.0271983306883503,11.0
2026-01-29,-0.04527028685019636,1.0429565655109183,0.20222893345869025,0.9040244423212425,14.0
2026-01-30,-0.16977117319400833,0.7071880624379496,-0.16910887268457309,1.031096065446262,15.0
2026-01-31,0.0198368172189261,0.847306969239357,-0.20287639519988768,1.0041433671999949,20.0
2026-02-01,-0.6538577400569252,1.2761230294313317,0.5793350896452101,0.975451780773012,4.0
2026-02-02,-0.17570548750532844,1.2937942163090372,0.5518967842499702,1.1453470205590404,10.0
2026-02-03,-0.04386518827913992,0.8269032014575625,-0.140737266556568,0.45494377779474326,10.0
2026-02-04,0.4627243844138592,0.6468811963801908,0.32144426730899694,0.9220578517921507,14.0
2026-02-05,0.06519826023563603,1.211172830917947,0.4914367034343496,0.8999082993352432,13.0
2026-02-06,0.42442813503171484,1.1082421389551278,0.35791630918344836,0.4469312027743555,10.0
2026-02-07,-0.28526706592259726,0.4441751251383847,-0.03929759131864536,0.9436576914967021,11.0
2026-02-08,0.6324815803594588,0.4886648649677251,0.3215438615754583,0.3806962924216585,6.0
2026-02-09,-0.3748616995996618,0.5544046777101483,0.19401742453359425,0.8052615738149544,9.0
2026-02-10,0.25979873417865273,1.0162136061981595,0.33405805120515053,0.6475553303105741,9.0
2026-02-11,-0.11637595686572984,0.9718289127933992,0.10813484056824264,0.7850933479413489,11.0
2026-02-12,0.3021044577700242,0.9823561601424986,0.11216101900644236,1.066563749494518,15.0
2026-02-13,0.49796327080172403,0.8128164809970649,0.05231982939445875,0.8082689108603942,12.0
2026-02-14,-0.1492343849702655,0.7093426236307377,-0.03412210630349132,0.501865633003999,11.0
2026-02-15,-0.727436110431704,0.7830416793409748,-0.6687473499127065,1.161536434963536,7.0
2026-02-16,-0.0018755881072117981,1.040892897323489,-0.016169564782141953,0.891768431303426,17.0
2026-02-17,0.6929441802096787,0.6935526660855797,-0.016993876358380816,0.8683678904295393,8.0
2026-02-18,-0.08432516659991557,1.28942770509707,-0.07294336370520797,1.097685354238967,10.0
2026-02-19,-0.09525880401732682,0.7922029238184763,0.270095844469598,0.9233252042731585,17.0
2026-02-20,0.3125854415863061,0.485953185777795,0.29843584704772713,0.6967864153765546,9.0
2026-02-21,-0.3724699152912802,0.7158250763900741,-0.6055515717671627,0.4960554110827967,4.0
2026-02-22,-0.3181215115883549,0.43647128413232583,-0.6978119983916532,0.7494672328130436,5.0
2026-02-23,0.25833443843697834,0.8647366773189693,-0.1551711121254873,0.7975034987732458,14.0
2026-02-24,-0.2201112051959736,0.770266270315286,-0.15280683535324663,0.9602942222439849,16.0
2026-02-25,0.006381442620299565,0.6527555319355477,-0.4719943518734702,0.5214335259481445,12.0
2026-02-26,0.13812095200854993,1.5215516675110978,-0.22745419976511538,1.1983567479482835,11.0
2026-02-27,-0.2444539464211603,1.2805754884575964,0.485882747825961,1.1154498248389217,14.0
2026-02-28,-0.15453163095009725,0.6749115418588271,-0.14559640526824572,1.0768139469358797,7.0
2026-03-01,0.37549070976422166,0.6325482078290572,-0.02312558921906191,1.0376509673507233,8.0
2026-03-02,0.09683628947683909,0.8280938445140559,-0.17044830974309497,1.1009739139207873,14.0
2026-03-03,0.09394696584352501,0.6956410654053795,-0.09312684774974304,0.822336501980922,13.0
2026-03-04,0.13616083259532508,0.9358209534529027,0.12053794575170489,1.0741874477264006,7.0
2026-03-05,0.1589373167521193,0.37960724766403153,-0.07220752755516076,0.7544986933536765,6.0
2026-03-06,-0.28796729893650824,0.4212351277636072,-0.08244269092456011,0.897087401099771,14.0
2026-03-07,-0.3852597244507089,1.080647958345406,0.0073209410198698255,0.7735789193828353,8.0
2026-03-08,0.8940839232693711,1.1668057857191494,0.24356896111426513,1.2527134196064997,5.0
2026-03-09,-0.1903994028212973,0.8047452935560778,-0.04200121880938379,1.204108286535,8.0
2026-03-10,-0.02635396898879903,0.3141678141350847,-0.10322556850534371,1.2056014681365919,6.0
2026-03-11,-0.41943111373534986,0.8472243210026864,0.021285490960201412,0.8059980526985131,7.0
2026-03-12,1.0393544325673023,0.8592140409178973,0.3246013520584332,0.32188073085218555,2.0
2026-03-14,-0.22511379238077173,0.492263330011354,-0.7706243601580822,0.6271356204884302,5.0
2026-03-15,0.5995752300595584,0.3052695237830587,-0.4045103472054809,0.39540236493626063,3.0
2026-03-16,-0.15164363059449082,0.6817785148948466,0.25576167409077327,0.809981766733418,14.0
2026-03-17,0.08194623474018256,1.1737722660691159,-0.3928651287567989,1.3547302480355927,9.0
2026-03-18,-0.3210580158004959,1.2121405177376685,-0.2313280218443367,0.9507397537591978,13.0
2026-03-19,-0.18021060678415915,0.8214709989623992,-0.5752292268146019,0.8882273730084937,11.0
2026-03-20,0.27694028009380534,0.729973634287902,0.11522710388339562,1.274099810323745,11.0
2026-03-21,-0.3248658113864819,0.8948766665059663,0.03844953668249264,0.817937186333332,14.0
2026-03-22,-0.21207578725863066,1.0815207889065936,-0.27885127514456276,0.9492217581655524,7.0
2026-03-23,0.6589143944909546,0.8808416563188838,0.027634643191687402,0.996602364887999,8.0
2026-03-24,0.06605448945565318,1.0555126197944273,0.7849747946066775,1.0634407394486625,4.0
2026-03-25,-0.6566747259275362,1.0741465764075178,0.7546398664878555,1.180423018031402,5.0
2026-03-26,0.8400064029521568,1.3038461768258085,0.35118900316179763,0.8425893363139546,8.0
2026-03-27,0.33801108212611936,0.8378521358824244,0.14882846870301586,0.5102854959109333,11.0
2026-03-28,0.3094420858958634,1.171612985705509,-0.22150193659754389,0.9021688492617286,8.0
2026-03-29,-0.2701540902869752,0.8312542351292044,0.012676821807996045,1.0464736394408127,6.0
2026-03-30,0.1908804127966004,0.6549111619352133,0.27625813414468353,1.09041336048425,13.0
2026-03-31,-0.9666713449325952,1.3314338197716287,0.5620016697499133,1.292794804851094,6.0
2026-04-01,1.6564197880360245,1.9331380898492594,0.8390038379492605,0.6082145563258112,4.0
2026-04-02,0.37190313456224,1.0154201729624122,0.19077843344268974,0.9838816151331782,8.0
2026-04-03,0.3283007117550036,0.5316168497004755,0.2525017612750502,0.8073537703929655,6.0
2026-04-04,1.5590457865386247,1.442582346399784,0.03607980553088236,1.0461154575585243,4.0
2026-04-05,-0.3766256855939973,1.4177929199751955,0.0917607756323491,1.4036094352943838,7.0
2026-04-06,-0.46611516000346376,0.8687430822799684,0.2637957162865161,0.992703501289608,15.0
2026-04-07,0.007331629669879769,1.0273289175073128,0.18594021378977538,1.1406059170797067,13.0
2026-04-08,-0.1694720807443343,1.1056371453410085,0.2585182103912193,1.1781240583714936,9.0
2026-04-09,0.1731764749320422,0.960870252492848,-0.2742480627677374,1.3111238430961705,20.0
2026-04-10,-0.22060256156782712,0.8624353463333225,0.07083201440252074,1.2372589797798306,23.0
2026-04-11,0.6299532010140796,0.9302152618189684,0.26273006110993524,1.2065887115171106,7.0
2026-04-12,0.6621868305100338,1.1451017006364366,0.27037889222691125,0.9767488674712894,11.0
2026-04-13,0.1955204046323129,0.671625374448253,-0.17271474210259702,0.8830894845372455,16.0
2026-04-14,0.330226160651187,0.819761068852334,-0.40717269284038726,0.9106522889025868,20.0
2026-04-15,0.13701931511383963,0.81045582107504,-0.09628795093199048,0.9853806659500749,16.0
2026-04-16,-0.44871311791101437,0.8699369937476749,-0.2534493489525903,0.9079327522635234,16.0
2026-04-17,-0.028377230939869443,0.7909497312948914,-0.07940851120920932,0.757223736243404,19.0
2026-04-18,-0.08180881355230518,0.8920519365603264,-0.013017801438452761,1.1475109699196568,14.0
2026-04-19,0.08774130310573813,1.018125491755997,0.2868456563233967,0.8513878347862897,18.0
2026-04-20,0.8696017093492348,0.900250009320354,-0.0451441904925538,0.8496476124667843,14.0
2026-04-21,0.43736209098358086,0.7513075546448204,0.0027847020141585493,0.9749456929115731,16.0
2026-04-22,-0.1932613382906744,0.8923192032287505,0.08875459147025987,0.9307842581993955,16.0
2026-04-23,0.24641305752701645,0.5315964647463766,-0.16497252455748596,0.9226228736709897,11.0
2026-04-24,0.03760319754023006,0.8422659808249378,-0.23532451838939325,1.0492224941936579,16.0
2026-04-25,-0.06745699068237393,1.1079025204385908,0.09900737740922688,0.8389423879056142,9.0
2026-04-26,-0.16664482611495862,0.6183710099048468,-0.19316341740519272,0.7158583366569864,11.0
2026-04-27,-0.05109130335895349,1.188387987461239,-0.1718418666331489,1.0959505926859265,23.0
2026-04-28,0.4028729612695615,1.068194636832481,0.20615287578323935,1.1232132346830968,32.0
2026-04-29,-0.1516892397533499,1.141551401708035,-0.030878226783707965,0.9052433941722229,17.0
2026-04-30,-0.11911494057981192,0.9354030167733086,-0.3425450926701724,0.9694380662120655,26.0
2026-05-01,0.22778060163788869,1.0436479029532082,-0.19692320900942276,0.9679455650040271,16.0
2026-05-02,0.1931160965807464,1.5297132213265963,0.2591666499697871,0.881012123861204,14.0
2026-05-03,0.1996166616156733,1.0148777310795485,0.21110589338590371,0.9463626391392291,12.0
2026-05-04,0.21454593962465687,0.4209759796283429,0.00288975263323756,0.6033414109183812,6.0
2026-05-05,-0.015049960298629261,0.6524299313821205,0.19641731662625908,0.8761908090472303,12.0
2026-05-06,-0.448480552075463,0.9250995013392898,0.17667262835832506,1.0025313805093168,10.0
2026-05-07,-0.8370596642643412,1.0539988950350172,0.293157253639397,1.4970702195372723,12.0
2026-05-08,-0.32420134347372476,1.0738913656682723,-0.11087008810028837,0.9308352657318186,18.0
2026-05-09,0.11780269830047256,1.0372353584940888,0.09510871457284428,0.7782272793650323,11.0
2026-05-10,-0.4875387134321482,1.0310620942826034,0.34287873526760626,0.9942099855194575,13.0
2026-05-11,-0.27678106085782983,1.203997932404047,-0.04008244030299443,1.0508896937556491,16.0
2026-05-12,-0.6116142745134924,1.2805077360439232,0.2848966891928231,1.0065061705853477,12.0
2026-05-13,0.04089735195318502,1.206412337814666,0.2842900125278068,1.1733813509766902,11.0
2026-05-14,-0.2689664080860458,1.290892336389068,0.6730453484763693,1.0506832490720768,11.0
2026-05-15,0.24408715461496736,1.0901782534317566,0.1870583119757959,0.7975212622257626,15.0
2026-05-16,0.07522460847373123,0.7350559169252028,-0.2597159388252617,0.7149716031733732,6.0
2026-05-17,-0.04011957368143045,1.6826195899260934,-0.11155187098621518,0.741799659526781,3.0
2026-05-18,-0.1766975351471238,0.34782669661470916,0.24833106651585313,1.4990561486169343,6.0
2026-05-19,-0.05639524276247723,0.7786169628227018,0.09791125341478235,0.8378192890808279,11.0
2026-05-20,-0.1445657285448027,1.4741835867436148,0.05750106562511257,0.6134464963504713,5.0
2026-05-21,0.31259897085282123,0.4344048254131398,0.44568078395496763,0.8520851615079632,3.0
2026-05-22,-0.3163656170396935,0.5617663307450733,-0.44752650122474985,0.36051352463823627,6.0
2026-05-23,-0.1693788523807044,1.078381615254843,-0.2580379574911869,0.7413973149154433,15.0
2026-05-24,-0.09823808255501414,0.6523318598281354,0.07551100312151815,0.8018165689667128,10.0
2026-05-25,-0.22629274332979354,1.3291870150017042,-0.29357009028841946,1.1740159439885962,12.0
2026-05-26,0.5093244218460827,0.9564904223361932,-0.16790543258540178,1.0095116288832944,18.0
2026-05-27,-0.1125724855973369,0.985353072338867,0.166480054533999,0.8690766209848846,12.0
2026-05-28,-0.29595654798850396,0.21713719862194417,-0.3064228931250569,0.9741966090760444,6.0
2026-05-29,0.12355152484215756,0.8322097337302687,-0.39841053440139185,1.0912999832083876,14.0
2026-05-30,0.6958674056297935,0.10719962860055009,0.31674224710846355,1.3525425793546213,4.0
2026-05-31,0.708753246619368,0.924934600342428,-0.2527676787369244,0.9970441244459756,4.0
2026-06-01,0.1783827977276207,0.7548972218637703,0.3482447932892417,1.2151417513661147,12.0
2026-06-02,-0.12402700074186167,0.5192779447260893,-0.41018324630694,0.7932093558523281,6.0
2026-06-03,-0.15621500072503341,1.1426342512224577,0.34914363912204044,1.0712164821299621,5.0
2026-06-04,-0.43382535488551593,0.6386235016666516,-0.38895763644275655,1.3717165666612814,3.0
2026-06-05,-0.15433930377135935,1.152308508582569,0.11887854192182463,1.1564252692920647,12.0
2026-06-06,-0.07341679888364185,1.0,0.6047404086449969,1.0,1.0
2026-06-07,-0.16211077335367155,1.6447737979391688,0.32311169875037055,1.4915403538526444,6.0
2026-06-08,-0.846030950110018,1.1082127711724776,0.18543173931754056,1.0953155960638334,13.0
2026-06-09,-0.03749613786403236,1.1679303343623604,0.09209510106700804,0.8129615985623565,9.0
2026-06-10,-0.5666902599106254,1.100803035549858,0.17364941399268977,1.0828459087895925,9.0
2026-06-11,-0.3202657135686291,1.3140265499951975,0.44620874254096826,1.1975945307483287,7.0
2026-06-12,-0.259456460956428,0.7463996773888505,0.10891599181269457,0.7186158920162173,9.0
2026-06-13,0.17052754334850928,1.0327084087882605,-0.05674028727489732,1.3959359072296202,19.0
2026-06-14,0.008902138885688582,1.0496837690459784,-0.03765190780177459,0.7816097494930785,12.0
2026-06-15,0.15829174117090095,0.634125978802814,-0.13881928073449437,0.9908724700253286,24.0
2026-06-16,-0.13469289808905688,1.2471708236438952,0.13611408435673059,0.9611740457777044,15.0
2026-06-17,0.18322021086441462,1.1180185803255396,0.07058327019961964,1.0897898369899512,24.0
2026-06-18,-0.15629977341055482,0.350937841353046,-0.14750269822222922,1.3626762526478295,7.0
2026-06-19,0.4113903545831831,0.9081045057498898,-0.5972277374271839,1.1228680489982192,4.0
2026-06-20,-0.08240012485243062,0.5672777307053912,-0.3095845313861102,0.6454023468017946,5.0
2026-06-21,-0.03886885686780256,0.4152321674657404,-0.1889594069901317,0.9501364696662502,8.0
2026-06-22,-0.16203396171586495,0.680150542837159,-0.20941214031355904,1.0863609398106038,8.0
2026-06-23,0.8972534071325411,1.4633627535724845,0.08475451264197602,0.9565079749418588,6.0
2026-06-24,-0.5326204930021516,0.982040294709809,0.22897827633999807,1.0558368718252582,10.0
2026-06-25,0.33106303057591463,1.0280185899081893,-0.10533947715804173,0.9557623339790481,29.0
2026-06-26,-0.028929295009183578,0.7199728813725685,-0.5126895589218476,0.7967926953515836,13.0
2026-06-27,0.18952804624589495,0.7342253450242027,-0.30004721459504613,1.049363939290034,9.0
2026-06-28,0.48826409148725175,1.2162454211377938,-0.3066399566235701,0.7835052798338625,11.0
2026-06-29,0.3098598288174488,0.8598792121464169,-0.016700153930047677,0.8043872749614763,11.0
2026-06-30,0.3280691899373877,0.6050159497125699,0.18513428444414615,0.8241155510511643,15.0
2026-07-01,0.039904373888462415,1.2208221395241399,-0.17622326108646943,1.0411135005408747,15.0
2026-07-02,-0.11577778639934992,1.0745461842183275,0.3594673112002507,0.9770876500052506,27.0
2026-07-03,0.01932752665632072,1.3540368550670465,0.2614151755048704,0.9719583258845805,18.0
2026-07-04,-0.4112781138700686,1.2686490330878906,0.49355799044575493,1.0413594070881451,10.0
2026-07-05,0.3411152531609556,0.7242982992794338,0.4020847335823092,1.375472499061039,5.0
2026-07-06,0.005111031241134229,1.2939375267612767,0.08076777985487744,0.8275960915180081,13.0
2026-07-07,0.4825567332059611,0.8021576888753216,0.5604271215733363,0.5242928981088831,11.0
2026-07-08,-0.2516216616326037,0.7959491759711191,-0.2278841710488847,0.6811476959418613,9.0
2026-07-09,-0.2557062724774883,0.8760934311208398,-0.48171335221985495,0.7973485209165759,11.0
2026-07-10,-0.06272736081946269,0.8591012272706215,-0.11270854949607051,1.2190795578943552,15.0
2026-07-11,0.8693454224236113,1.6917054068976098,-0.03703369162702634,0.726448604535695,5.0
2026-07-12,0.0788454753057491,0.4532846701935656,0.5180796736717307,0.6464124755061555,7.0
2026-07-13,0.2939158462207045,0.5057005070853797,0.1464709898183227,0.6950522732591524,11.0
2026-07-14,0.02915872333300948,1.2017748607480319,0.2949406276949421,0.628022802698176,8.0
2026-07-15,-0.1721807252192788,1.2391713603721528,0.23649674236407842,0.7987911926844941,10.0
2026-07-16,0.3588345384964689,0.33141916889809386,0.27577907211221775,1.3905279074501442,3.0
2026-07-17,-0.41034746776287967,1.1370697932255558,0.08682999323393703,1.0076701621682311,14.0
2026-07-18,-0.39433363755352974,0.7164514329600591,0.2557878502629858,1.0199526465745112,6.0
2026-07-19,-0.27748944872857634,0.7108564670344288,-0.3211118934722479,1.0273980266709308,10.0
2026-07-20,-0.266635788065483,0.49792914804117716,-0.3275672362973071,1.5861301117497002,8.0
2026-07-21,-0.39563852198007976,0.4026650552346971,-1.0990271071269537,0.596419973653428,5.0
2026-07-22,-0.27819456472704507,0.4214011232429939,0.03940459664701041,1.279033387001253,5.0
2026-07-23,0.30172640345857704,1.30141303507575,0.03531115372196457,1.0373824500794087,4.0
2026-07-24,0.4997532326223425,0.9704052808567472,-0.6923523238371302,1.2940441087445635,2.0
2026-07-25,0.3684704762575326,0.7604851821332786,0.5178161812770398,0.5298773483169743,4.0
2026-07-26,-0.18317390466115682,0.005634391258029075,-1.5383286177964868,0.11959996240297427,3.0
2026-07-27,-0.18373009066902982,0.8750208751418196,0.18986183873053586,1.8900479603885472,6.0
2026-07-28,-0.25957207030999757,0.5599192615367397,0.0072348313474218965,0.8056937776658857,11.0
2026-07-29,-0.373031707521001,0.6454421760781567,0.5202088238376558,0.7145078350401611,7.0
2026-07-30,0.193983267733234,0.9300553709682851,-0.7504287652813194,0.8965224264085101,7.0
2026-07-31,-0.12906864889986847,0.7635306107751373,0.062070161015385955,1.0433583399310535,8.0
2026-08-01,-0.035305186929435774,1.0,-1.1074291037230646,1.0,1.0
2026-08-02,-0.017674317841288367,1.6990613377544344,0.12526155633724362,1.1540904353314942,2.0
2026-08-03,0.3107955017450495,0.913454642607807,-0.3157125339510696,0.84788932927785,7.0
2026-08-04,0.3472603164816732,1.069233550480238,0.05018831206673324,1.0096268275389062,7.0
2026-08-05,-0.4634904010815388,0.5382882575982874,-0.17920815802658113,1.1060710909265608,7.0
2026-08-06,-0.1616453863022639,1.24456525305023,0.08222239173303188,0.9564219286981167,9.0
2026-08-07,0.3188248382269157,0.9564016842617703,0.4717319974597859,1.0969807822091475,7.0
2026-08-08,1.1767079695294438,1.0,0.9620366418801227,1.0,1.0
2026-08-09,0.5878320184794187,1.2582070312754339,0.1114220976518419,0.8826456320529673,5.0
2026-08-10,-0.11488814089884943,0.5146035713984043,-0.6047739537896925,0.9563406515991509,10.0
2026-08-11,-0.4891500875272632,1.4943885475855552,0.13268000554732398,1.1545303790168338,5.0
2026-08-12,-0.1985903677148356,1.5628479653196379,0.19852570457096733,1.3062441977149657,7.0
2026-08-13,-0.35473164763174153,0.26337630697208236,-0.5338823414392948,0.7739151027935487,4.0
2026-08-14,-0.03371010666226097,0.45962411394390323,0.29557128456784476,1.2004266325389035,8.0
2026-08-15,0.11638652872996628,1.1063405075637875,0.34539260192689664,0.7172180294438413,3.0
2026-08-16,2.231171847457044,0.21322485913058944,0.5857890083004401,0.45022055076916784,2.0
2026-08-17,0.03556830032576836,0.6029423061603405,-0.10518314329778641,1.26624392442708,7.0
2026-08-19,-0.5668350541374241,2.667797769223432,0.3421661482855807,0.7781103234726223,2.0
2026-08-20,0.8118625861087386,0.9139753538211696,1.1276189064037823,1.1508390446849388,2.0
2026-08-21,-0.42683117223981554,0.7272529088593307,0.9082505873365037,0.2240191313088567,3.0
2026-08-23,-0.5046717224619971,0.5044707804986603,-0.3685618107454149,0.8253206578140346,4.0
2026-08-24,-0.2842210691654353,0.1521031928768755,-1.1592448800089814,0.34079944249195016,2.0
2026-08-25,0.8504651815860552,0.9658552747681595,-0.2435148121285009,1.0905582159742402,2.0
2026-08-26,0.3836842973906553,0.22967582124408206,0.10430195926820787,0.6168469909104296,2.0
2026-08-27,0.011627600587914982,0.764753791521767,-0.18429002726176036,0.9086567051709326,4.0
2026-08-28,-0.06790291942764523,0.12560653467879093,-0.7428379296047989,0.5619870720989649,4.0
2026-08-29,0.8389774381570981,0.9541913287187358,0.07770691468308044,2.9197044013373814,2.0
2026-08-31,-0.602779105545535,0.6535173464903139,-0.3315208764794422,1.0768011755499165,6.0
2026-09-01,-0.14770470116617684,1.0478451206168649,0.1818526437061017,0.15947356673643118,2.0
2026-09-02,1.028541588903538,1.0,0.4490105568656264,1.0,1.0
2026-09-03,-0.9348578189737523,1.0,0.6907172555214667,1.0,1.0
2026-09-04,-1.0962751703256572,0.5513999010078442,0.151482759803121,0.5520509367820117,3.0
2026-09-05,-0.26997250759491304,0.7806351910041548,-0.8501229018137746,1.164154755739667,3.0
2026-09-06,0.7037369188670203,1.0,1.5634979990449143,1.0,1.0
