,phrase,label,sentiment,subjectivity,language,count
IPMA,IPMA,ORG,0.047663065782331863,0.460537120881158,en,54.49999999999995
Olhar Digital,Olhar Digital,ORG,0.19500812026553593,0.5587143191694849,en,41.899999999999984
Inmet,Inmet,ORG,0.027913490791324568,0.62018052965786,en,39.699999999999974
El Niño,El Niño,ORG,0.1331713794479752,0.6723423444168125,en,32.9
Sul,Sul,ORG,0.07839632383312682,0.4657538207352335,en,26.899999999999995
Climatempo,Climatempo,ORG,-0.27975757575757576,0.5255303030303031,en,20.0
InfoMoney,InfoMoney,ORG,0.30695962355798406,0.6059350333940494,en,18.30000000000001
RS,RS,ORG,0.019123314065510596,0.4386480411046883,en,17.300000000000004
Civil Protection,Civil Protection,ORG,0.05642998306041785,0.5084972394755003,en,13.8
UN,UN,ORG,0.04814641573116147,0.5105519480519479,en,11.800000000000002
Radio Observador,Radio Observador,ORG,0.0,0.0,en,11.500000000000005
SP,SP,ORG,0.11273448773448769,0.601393398268398,en,11.200000000000005
Braga,Braga,ORG,-0.018343815513626845,0.2969077568134172,en,10.6
Catraca Livre,Catraca Livre,ORG,0.423076923076923,0.711202686202686,en,10.400000000000002
Super El Niño,Super El Niño,ORG,0.281026390562473,0.6285085761889886,en,9.700000000000001
Sun,Sun,ORG,0.14701479076479076,0.6181577681577681,en,8.4
NASA,NASA,ORG,0.49360119047619067,0.9127480158730161,en,7.999999999999997
Globo,Globo,ORG,0.005098605098605099,0.4188648388648389,en,7.5
Azores,Azores,ORG,-0.032159624413145536,0.2991784037558685,en,7.1000000000000005
Cold,Cold,ORG,-0.2225659807181546,0.7209517535604493,en,6.9
Rio,Rio,ORG,0.009191176470588236,0.2928921568627451,en,6.8
Trump,Trump,ORG,0.1373456790123457,0.6339085297418634,en,6.599999999999998
Amazon,Amazon,ORG,0.1516393442622951,0.852459016393443,en,6.099999999999999
Athletico,Athletico,ORG,0.1271186440677966,0.14124293785310732,en,5.9
INMET,INMET,ORG,0.04093567251461988,0.30409356725146197,en,5.7
Vila Real,Vila Real,ORG,0.1320730452674897,0.3882458847736625,en,5.4
FIFA,FIFA,ORG,0.028061224489795925,0.07908163265306123,en,4.8999999999999995
Giz Brasil,Giz Brasil,ORG,0.4679962894248609,0.6994434137291281,en,4.8999999999999995
Netflix,Netflix,ORG,0.15808596165739028,0.6288806431663576,en,4.899999999999999
the National Institute of Meteorology,the National Institute of Meteorology,ORG,0.0117739898989899,0.6150568181818182,en,4.8
Civil Defense,Civil Defense,ORG,0.20243055555555556,0.3947916666666667,en,4.8
SC,SC,ORG,-0.13049645390070921,0.3078014184397163,en,4.7
Carnival,Carnival,ORG,0.06666666666666668,0.07777777777777778,en,4.5
NATO,NATO,ORG,0.05492424242424244,0.20075757575757577,en,4.3999999999999995
State,State,ORG,-0.1090909090909091,0.7940656565656565,en,4.3999999999999995
The National Institute of Meteorology,The National Institute of Meteorology,ORG,-0.27499999999999997,1.0916666666666666,en,4.0
the Portuguese Institute of the Sea and Atmosphere,the Portuguese Institute of the Sea and Atmosphere,ORG,0.018125000000000006,0.35152777777777783,en,3.9999999999999996
La Niña,La Niña,ORG,-0.08541666666666668,0.4229166666666667,en,3.9999999999999996
SpaceX,SpaceX,ORG,0.2397727272727273,0.7617424242424244,en,3.999999999999999
Copernicus,Copernicus,ORG,-0.1162280701754386,0.38596491228070173,en,3.8
Vasco,Vasco,ORG,-0.45045045045045046,0.6846846846846846,en,3.7
Forest,Forest,ORG,-0.11261261261261261,0.10585585585585586,en,3.6999999999999997
PSD,PSD,ORG,0.10810810810810813,0.10810810810810813,en,3.6999999999999993
BBC,BBC,ORG,0.1872103386809269,0.6550802139037434,en,3.4
Cláudia,Cláudia,ORG,0.08680555555555554,0.2847222222222222,en,3.2
EU,EU,ORG,0.10937500000000001,0.29687500000000006,en,3.1999999999999993
Vikings,Vikings,ORG,0.09216589861751152,0.0,en,3.0999999999999996
Marquis,Marquis,ORG,0.0,0.0,en,3.0999999999999996
the Fire Department,the Fire Department,ORG,0.16129032258064518,0.16129032258064518,en,3.0999999999999996
Guarda,Guarda,ORG,0.01209677419354839,0.32392473118279574,en,3.0999999999999996
Samsung,Samsung,ORG,0.11485826001955037,0.5513196480938417,en,3.099999999999999
The Portuguese Institute of the Sea and Atmosphere,The Portuguese Institute of the Sea and Atmosphere,ORG,0.07291666666666664,0.17499999999999996,en,3.0
GNR,GNR,ORG,-0.11011904761904762,0.14285714285714288,en,2.8
"Bragança, Viseu, Guarda","Bragança, Viseu, Guarda",ORG,0.14285714285714288,0.16071428571428575,en,2.8
Leiria,Leiria,ORG,0.03571428571428572,0.07142857142857144,en,2.8
Lula,Lula,ORG,-0.05952380952380953,0.02380952380952381,en,2.8
Ferrari,Ferrari,ORG,0.046296296296296294,0.7962962962962962,en,2.7
Eastern,Eastern,ORG,-0.035493827160493825,0.125,en,2.7
NE,NE,ORG,-0.04012345679012346,0.22839506172839505,en,2.7
Mercedes,Mercedes,ORG,0.21481481481481488,0.34691358024691354,en,2.6999999999999997
McLaren,McLaren,ORG,-0.5329218106995884,0.9629629629629629,en,2.6999999999999997
Olhar Digital News,Olhar Digital News,ORG,0.4046666666666667,0.5206666666666667,en,2.5
Greenland,Greenland,ORG,-0.005060606060606066,0.42290909090909096,en,2.5
PTRR,PTRR,ORG,0.21333333333333332,0.3466666666666666,en,2.5
FlatOuters,FlatOuters,ORG,2.1,1.2000000000000002,en,2.5
Mato Grosso,Mato Grosso,ORG,0.05333333333333336,0.6866666666666666,en,2.5
FPF,FPF,ORG,0.17500000000000004,0.5235714285714287,en,2.4999999999999996
Foz,Foz,ORG,0.10416666666666667,0.1388888888888889,en,2.4
Chega,Chega,ORG,0.0,0.638888888888889,en,2.4
Defense,Defense,ORG,0.3125,0.4097222222222222,en,2.4
Bortoleto,Bortoleto,ORG,0.05416666666666667,0.16458333333333333,en,2.4
DANA,DANA,ORG,-0.06439393939393939,0.22727272727272727,en,2.2
Nikolas,Nikolas,ORG,0.0,0.0,en,2.2
Audi,Audi,ORG,0.16818181818181815,0.431060606060606,en,2.2
NOAA,NOAA,ORG,0.2430785123966942,0.41921487603305785,en,2.2
AI,AI,ORG,0.01914983164983162,0.404040404040404,en,2.2
Google,Google,ORG,0.371900826446281,0.8665633608815425,en,2.2
ºC,ºC,ORG,-0.04545454545454546,0.18939393939393942,en,2.1999999999999997
TAP,TAP,ORG,0.11363636363636365,0.15151515151515152,en,2.1999999999999997
Seleção,Seleção,ORG,0.0,0.0,en,2.1999999999999997
REN,REN,ORG,0.55,0.54375,en,2.0
Giz,Giz,ORG,0.19242424242424241,0.46085858585858586,en,2.0
FAO,FAO,ORG,0.1791267942583732,0.30980861244019137,en,1.9000000000000001
DJI Agriculture,DJI Agriculture,ORG,0.10526315789473684,0.21052631578947367,en,1.9000000000000001
PSP,PSP,ORG,-0.10526315789473684,0.0,en,1.9000000000000001
PCC,PCC,ORG,0.035885167464114825,0.0,en,1.9000000000000001
Seguro,Seguro,ORG,0.5807017543859649,0.5263157894736842,en,1.9000000000000001
the European Union,the European Union,ORG,0.019736842105263153,0.2631578947368421,en,1.9
Pombal,Pombal,ORG,0.2631578947368421,0.13157894736842105,en,1.9
DER-PE,DER-PE,ORG,-0.052631578947368425,0.052631578947368425,en,1.9
Time,Time,ORG,0.0,0.0,en,1.9
Portuguese Institute of the Sea and Atmosphere,Portuguese Institute of the Sea and Atmosphere,ORG,0.014254385964912275,0.16447368421052633,en,1.9
Volkswagen,Volkswagen,ORG,-0.02105263157894738,0.13157894736842105,en,1.9
Dieselgate,Dieselgate,ORG,-0.02105263157894738,0.13157894736842105,en,1.9
the Civil Defense of Rio Grande,the Civil Defense of Rio Grande,ORG,0.34210526315789475,0.17543859649122806,en,1.9
Apac,Apac,ORG,-0.10526315789473685,0.0,en,1.9
Público,Público,ORG,-0.2631578947368421,0.2631578947368421,en,1.9
Rossio,Rossio,ORG,0.2631578947368421,0.14473684210526316,en,1.9
Navy,Navy,ORG,0.026315789473684213,0.12719298245614033,en,1.9
Praia,Praia,ORG,-0.052631578947368425,0.0,en,1.9
Council of Ministers,Council of Ministers,ORG,-0.0964912280701754,0.13157894736842105,en,1.9
SSP-DF,SSP-DF,ORG,0.0,0.0,en,1.9
the European Parliament,the European Parliament,ORG,0.0,0.0,en,1.9
Frosts,Frosts,ORG,-0.08187134502923976,0.456140350877193,en,1.9
Feira Nova,Feira Nova,ORG,-0.052631578947368425,0.052631578947368425,en,1.9
Campo,Campo,ORG,-0.024305555555555546,0.22569444444444445,en,1.8
São Bernardo,São Bernardo,ORG,-0.024305555555555546,0.22569444444444445,en,1.8
Madeira Civil Protection,Madeira Civil Protection,ORG,0.2407407407407407,0.4074074074074074,en,1.8
Nils,Nils,ORG,0.07037037037037036,0.3148148148148148,en,1.8
MapBiomas,MapBiomas,ORG,0.1323529411764706,0.392156862745098,en,1.7000000000000002
Jardim,Jardim,ORG,0.0,0.0,en,1.7
Voz,Voz,ORG,0.16042780748663102,0.29411764705882354,en,1.7
the Bar Association,the Bar Association,ORG,0.040106951871657755,0.0,en,1.7
Guarulhos,Guarulhos,ORG,-0.11764705882352942,0.29411764705882354,en,1.7
Terceira,Terceira,ORG,0.0,0.0,en,1.7
Palmeiras,Palmeiras,ORG,0.4411764705882353,0.29411764705882354,en,1.7
DF,DF,ORG,-0.35294117647058826,0.0,en,1.7
Barreiro Civil Protection,Barreiro Civil Protection,ORG,0.0,0.5882352941176471,en,1.7
Iguaçu,Iguaçu,ORG,0.14705882352941177,0.19607843137254902,en,1.7
Sertã,Sertã,ORG,-0.07352941176470588,0.22058823529411764,en,1.7
Sinlaku,Sinlaku,ORG,0.39215686274509803,0.39215686274509803,en,1.7
Funchal,Funchal,ORG,-0.3522727272727272,0.7007575757575757,en,1.6
Renault,Renault,ORG,-0.1903409090909091,0.8030303030303029,en,1.6
Wood,Wood,ORG,0.0,0.0,en,1.6
APA,APA,ORG,-0.10069444444444448,0.125,en,1.6
PT,PT,ORG,0.43749999999999994,0.125,en,1.6
Libertadores,Libertadores,ORG,-0.359375,0.6666666666666666,en,1.6
Unesp,Unesp,ORG,0.09027777777777778,0.37326388888888895,en,1.6
Government,Government,ORG,0.08522727272727272,0.9090909090909091,en,1.6
MP,MP,ORG,0.3125,0.78125,en,1.6
Vale,Vale,ORG,0.03125,0.0,en,1.6
Microsoft,Microsoft,ORG,-0.12268518518518523,0.37962962962962965,en,1.6
Norris,Norris,ORG,0.15624999999999997,0.3333333333333333,en,1.6
Titan,Titan,ORG,0.03125,0.49218749999999994,en,1.6
PS,PS,ORG,0.0,0.0,en,1.6
RJ,RJ,ORG,-0.15625,0.3611111111111111,en,1.6
the Central Bank,the Central Bank,ORG,-0.05208333333333333,0.546875,en,1.6
Trás-os-Montes,Trás-os-Montes,ORG,0.0,0.0,en,1.6
Formula,Formula,ORG,0.15625,0.20833333333333331,en,1.6
WMO,WMO,ORG,-0.3125,0.24739583333333331,en,1.6
Starfall,Starfall,ORG,0.20979020979020976,0.34965034965034963,en,1.3
Carminha,Carminha,ORG,-0.17307692307692307,0.07692307692307693,en,1.3
António Costa e Silva,António Costa e Silva,ORG,0.28205128205128205,0.7692307692307692,en,1.3
Seia,Seia,ORG,0.4615384615384615,0.3846153846153846,en,1.3
MEO Marés,MEO Marés,ORG,0.5,0.28846153846153844,en,1.3
FAA,FAA,ORG,0.20979020979020976,0.34965034965034963,en,1.3
Ílhavo,Ílhavo,ORG,0.0,0.0,en,1.3
Alentejo,Alentejo,ORG,0.3717948717948718,0.0,en,1.3
El Niño Godzilla,El Niño Godzilla,ORG,0.34965034965034963,0.41958041958041953,en,1.3
BYD,BYD,ORG,0.37179487179487175,0.3846153846153846,en,1.3
Luísa Ferreira Nunes,Luísa Ferreira Nunes,ORG,0.10256410256410256,0.3333333333333333,en,1.3
Ordonhas,Ordonhas,ORG,0.07692307692307693,0.1923076923076923,en,1.3
Juno,Juno,ORG,0.6410256410256411,0.5128205128205128,en,1.3
CPDLO,CPDLO,ORG,-0.5384615384615383,0.7692307692307692,en,1.3
Galaxy Watch,Galaxy Watch,ORG,0.10489510489510488,0.34965034965034963,en,1.3
PSDB,PSDB,ORG,0.15384615384615385,0.4230769230769231,en,1.3
BBC News Brasil,BBC News Brasil,ORG,0.0,0.0,en,1.3
VEJA,VEJA,ORG,0.16346153846153846,0.3846153846153846,en,1.3
Xande de Pilares,Xande de Pilares,ORG,0.47619047619047616,0.3479853479853479,en,1.3
MPF,MPF,ORG,0.0,0.0,en,1.3
Frozen,Frozen,ORG,0.0,0.0,en,1.3
Luís Montenegro,Luís Montenegro,ORG,0.3846153846153846,0.3846153846153846,en,1.3
Amorim,Amorim,ORG,0.0,0.0,en,1.3
Hyundai,Hyundai,ORG,0.0,0.0,en,1.3
SEC,SEC,ORG,0.07459207459207458,0.34731934731934727,en,1.3
UNESCO,UNESCO,ORG,0.1282051282051282,0.2948717948717948,en,1.3
ANEPC,ANEPC,ORG,0.0,0.0,en,1.3
OSCE,OSCE,ORG,0.2425213675213675,0.14529914529914528,en,1.3
Cargill,Cargill,ORG,0.1923076923076923,0.2564102564102564,en,1.3
CNE,CNE,ORG,0.1474358974358974,0.0,en,1.3
BMW,BMW,ORG,0.0641025641025641,0.08547008547008546,en,1.3
Air Force,Air Force,ORG,0.0,0.0,en,1.3
Orbán,Orbán,ORG,-0.15384615384615385,0.4615384615384615,en,1.3
Tisza,Tisza,ORG,0.07692307692307691,0.28846153846153844,en,1.3
Bruno,Bruno,ORG,0.18269230769230768,0.08974358974358973,en,1.3
UGT,UGT,ORG,-0.08333333333333333,0.05128205128205128,en,1.3
B3,B3,ORG,0.40384615384615385,0.3846153846153846,en,1.3
Systane,Systane,ORG,0.09743589743589744,0.34615384615384615,en,1.3
Alcon,Alcon,ORG,0.09743589743589744,0.34615384615384615,en,1.3
Chamber,Chamber,ORG,0.4615384615384615,0.0,en,1.3
SNS,SNS,ORG,-0.4615384615384615,0.0,en,1.3
Polytechnic of Guarda,Polytechnic of Guarda,ORG,0.0,0.0,en,1.3
Terra da Gente,Terra da Gente,ORG,0.2529137529137529,0.3857808857808858,en,1.3
Easter,Easter,ORG,0.03846153846153845,0.40384615384615385,en,1.3
Cacau Protásio,Cacau Protásio,ORG,-0.24358974358974356,0.4487179487179486,en,1.3
Atmospheric Administration,Atmospheric Administration,ORG,0.14475524475524476,0.24615384615384614,en,1.3
ECB,ECB,ORG,-0.23076923076923075,0.09615384615384615,en,1.3
Google Maps,Google Maps,ORG,0.3581730769230769,0.4821428571428571,en,1.3
Catraca L,Catraca L,ORG,0.1435897435897436,0.429059829059829,en,1.3
Chaiany,Chaiany,ORG,0.019230769230769225,0.0,en,1.3
Glorioso,Glorioso,ORG,0.4615384615384615,0.5,en,1.3
CFM,CFM,ORG,0.1282051282051282,0.1282051282051282,en,1.3
Internal Administration,Internal Administration,ORG,0.07051282051282051,0.17307692307692304,en,1.3
The Portuguese Environment Agency,The Portuguese Environment Agency,ORG,0.1282051282051282,0.2564102564102564,en,1.3
UFPA,UFPA,ORG,0.08974358974358974,0.0,en,1.3
Airbus,Airbus,ORG,0.0641025641025641,0.08547008547008546,en,1.3
Lynk & Co,Lynk & Co,ORG,0.37179487179487175,0.3846153846153846,en,1.3
the International Union for Conservation of Nature,the International Union for Conservation of Nature,ORG,-0.07019230769230769,0.16826923076923075,en,1.3
Curaçao,Curaçao,ORG,0.10489510489510488,0.34965034965034963,en,1.3
PETRA,PETRA,ORG,-0.10256410256410256,0.15384615384615385,en,1.3
Orion,Orion,ORG,0.47756410256410253,0.44871794871794873,en,1.3
Grande Rio,Grande Rio,ORG,-0.1282051282051282,0.6410256410256411,en,1.3
Sabesp,Sabesp,ORG,-0.1465201465201465,0.0,en,1.3
Porsche,Porsche,ORG,0.7736013986013985,0.36713286713286714,en,1.3
the Red Devils,the Red Devils,ORG,0.038461538461538464,0.08974358974358973,en,1.3
the Setúbal Court,the Setúbal Court,ORG,0.0,0.0,en,1.3
El Niño',El Niño',ORG,0.43006993006993005,0.5128205128205128,en,1.3
Artemis,Artemis,ORG,0.0,0.2692307692307692,en,1.3
Livre,Livre,ORG,-0.019230769230769225,0.6346153846153846,en,1.3
the Agricultural Drone Industry Insight Report,the Agricultural Drone Industry Insight Report,ORG,0.0,0.0,en,1.3
Kristin,Kristin,ORG,-0.23076923076923078,0.15384615384615385,en,1.3
Apple,Apple,ORG,0.6196581196581197,0.2991452991452991,en,1.3
Xiaomi,Xiaomi,ORG,0.07692307692307693,0.5769230769230769,en,1.3
Group L,Group L,ORG,0.06153846153846153,0.2,en,1.3
Tarso Genro,Tarso Genro,ORG,0.0,0.04807692307692307,en,1.3
City Hall,City Hall,ORG,0.0,0.07692307692307693,en,1.3
Dragão,Dragão,ORG,0.10489510489510488,0.0591715976331361,en,1.3
Caatinga,Caatinga,ORG,0.0,0.7692307692307692,en,1.3
Vegetti,Vegetti,ORG,-1.0769230769230769,0.7692307692307692,en,1.3
Central,Central,ORG,0.008012820512820516,0.344551282051282,en,1.3
Enel,Enel,ORG,0.07692307692307693,0.7692307692307692,en,1.3
Environment,Environment,ORG,0.019230769230769235,0.0,en,1.3
the Food and Agriculture Organization of the United Nations,the Food and Agriculture Organization of the United Nations,ORG,0.10489510489510488,0.0,en,1.3
Globo - Film Programming,Globo - Film Programming,ORG,0.0,0.0,en,1.3
Inca,Inca,ORG,0.0,0.0,en,1.3
Betelgeuse,Betelgeuse,ORG,0.2534965034965035,0.303030303030303,en,1.3
Parliament,Parliament,ORG,0.0,0.5769230769230769,en,1.3
the Brazilian Stock Exchange,the Brazilian Stock Exchange,ORG,1.1666666666666667,0.5000000000000001,en,1.2
Havaianas,Havaianas,ORG,0.2577725304998032,0.24350649350649348,en,1.1
Wind & Fire,Wind & Fire,ORG,0.0,0.0,en,1.0
Santé Publique France,Santé Publique France,ORG,0.6666666666666666,0.0,en,1.0
Etna,Etna,ORG,0.0,0.0,en,1.0
the Minister of Internal Affairs,the Minister of Internal Affairs,ORG,0.0,0.0,en,1.0
Alcione,Alcione,ORG,0.0,0.0,en,1.0
Metro,Metro,ORG,0.15000000000000002,0.0,en,1.0
the Business Association of the Municipality of Pombal,the Business Association of the Municipality of Pombal,ORG,0.0,0.0,en,1.0
Timão,Timão,ORG,0.04166666666666667,0.0,en,1.0
the Atlantic Alliance”,the Atlantic Alliance”,ORG,0.0,0.0,en,1.0
FLAD,FLAD,ORG,0.0,0.0,en,1.0
Monsanto,Monsanto,ORG,-0.1125,0.0,en,1.0
Dragon,Dragon,ORG,0.0,0.0,en,1.0
Labor,Labor,ORG,0.016666666666666666,0.0,en,1.0
CIM de Leiria,CIM de Leiria,ORG,0.3,0.0,en,1.0
Agence France Presse,Agence France Presse,ORG,0.16666666666666666,0.0,en,1.0
auroras,auroras,ORG,0.0,0.0,en,1.0
Super Sentai,Super Sentai,ORG,0.05208333333333333,0.0,en,1.0
Chevrolet,Chevrolet,ORG,0.078125,0.0,en,1.0
PNPG,PNPG,ORG,0.0,0.0,en,1.0
AFP,AFP,ORG,0.16666666666666666,0.0,en,1.0
Dodge,Dodge,ORG,0.0,0.0,en,1.0
Nature Ecology & Evolution,Nature Ecology & Evolution,ORG,-0.020833333333333332,0.0,en,1.0
V&P Partners,V&P Partners,ORG,0.12766233766233767,0.0,en,1.0
Pub,Pub,ORG,0.0,0.0,en,1.0
Leiria City Council,Leiria City Council,ORG,0.0,0.0,en,1.0
the Estado Novo,the Estado Novo,ORG,0.0,0.0,en,1.0
PREC,PREC,ORG,0.0,0.0,en,1.0
Working Group,Working Group,ORG,0.5,0.0,en,1.0
Europeanists,Europeanists,ORG,0.0,0.0,en,1.0
Portugal Recovery,Portugal Recovery,ORG,0.0,0.0,en,1.0
CME,CME,ORG,0.06333333333333332,0.0,en,1.0
VCOT,VCOT,ORG,0.35714285714285715,0.0,en,1.0
The European Central Bank,The European Central Bank,ORG,0.0,0.0,en,1.0
Cantareira,Cantareira,ORG,-0.08333333333333333,0.0,en,1.0
Operation Freedom,Operation Freedom,ORG,-0.0625,0.0,en,1.0
NBC News,NBC News,ORG,-0.0625,0.0,en,1.0
Municipal Civil Protection,Municipal Civil Protection,ORG,0.35714285714285715,0.0,en,1.0
New Galaxy,New Galaxy,ORG,0.3590909090909091,0.0,en,1.0
Northeast,Northeast,ORG,-0.19999999999999998,0.0,en,1.0
Sertã Chamber,Sertã Chamber,ORG,0.0,0.0,en,1.0
The Madeira Regional Civil Protection Service,The Madeira Regional Civil Protection Service,ORG,0.16944444444444443,0.0,en,1.0
Vasseur,Vasseur,ORG,-0.3,0.0,en,1.0
Góis,Góis,ORG,0.0,0.0,en,1.0
Cantareira System,Cantareira System,ORG,-0.3,0.0,en,1.0
Madeira,Madeira,ORG,0.0,0.0,en,1.0
SST,SST,ORG,-0.058333333333333334,0.0,en,1.0
VECI,VECI,ORG,0.35714285714285715,0.0,en,1.0
Italiano,Italiano,ORG,0.09999999999999998,0.0,en,1.0
the Miami GP,the Miami GP,ORG,0.3,0.0,en,1.0
the Machada National Forest,the Machada National Forest,ORG,0.0,0.0,en,1.0
Samsung Health,Samsung Health,ORG,0.3590909090909091,0.0,en,1.0
Aude,Aude,ORG,-0.3,0.0,en,1.0
Câmara,Câmara,ORG,0.1,0.0,en,1.0
Estado,Estado,ORG,0.0,0.0,en,1.0
Casagrande,Casagrande,ORG,0.0,0.0,en,1.0
NASCAR Brazil,NASCAR Brazil,ORG,0.3,0.0,en,1.0
Hérault,Hérault,ORG,-0.3,0.0,en,1.0
the Energy Services Regulatory Authority,the Energy Services Regulatory Authority,ORG,0.0,0.0,en,1.0
ERSE,ERSE,ORG,0.0,0.0,en,1.0
Pelotas,Pelotas,ORG,0.0,0.0,en,1.0
Palhinha,Palhinha,ORG,0.25,0.0,en,1.0
Luís Fazendeiro,Luís Fazendeiro,ORG,0.0,0.0,en,1.0
Estarreja,Estarreja,ORG,0.0,0.0,en,1.0
Centro Pinus,Centro Pinus,ORG,-0.09999999999999995,0.0,en,1.0
Funaná,Funaná,ORG,0.5,0.0,en,1.0
DGS,DGS,ORG,0.0,0.0,en,1.0
Brazilian Traffic Inspection Manual,Brazilian Traffic Inspection Manual,ORG,-0.2,0.0,en,1.0
the Independence of the United States,the Independence of the United States,ORG,-0.30000000000000004,0.0,en,1.0
Formula One,Formula One,ORG,0.25,0.0,en,1.0
Dyson Supersonic Travel,Dyson Supersonic Travel,ORG,0.1,0.0,en,1.0
Dyson,Dyson,ORG,0.2,0.0,en,1.0
Andrés,Andrés,ORG,-0.021428571428571436,0.0,en,1.0
Biomimetics,Biomimetics,ORG,0.06666666666666667,0.0,en,1.0
Amoc,Amoc,ORG,-0.19999999999999998,0.0,en,1.0
Commerce and Services,Commerce and Services,ORG,0.06818181818181818,0.0,en,1.0
União,União,ORG,0.0,0.0,en,1.0
Banco Master,Banco Master,ORG,0.0,0.0,en,1.0
Mação,Mação,ORG,0.0,0.0,en,1.0
Fiat,Fiat,ORG,0.3806818181818182,0.0,en,1.0
Warner,Warner,ORG,0.0,0.0,en,1.0
Flávio,Flávio,ORG,0.4,0.0,en,1.0
Skyscanner,Skyscanner,ORG,0.16666666666666666,0.0,en,1.0
ECtHR,ECtHR,ORG,0.6,0.0,en,1.0
Federation,Federation,ORG,0.13636363636363635,0.0,en,1.0
Reuters,Reuters,ORG,0.0,0.0,en,1.0
FIA,FIA,ORG,0.0,0.0,en,1.0
Great Pacific Garbage Patch,Great Pacific Garbage Patch,ORG,0.4,0.0,en,1.0
the Gibraltar Arc,the Gibraltar Arc,ORG,0.0,0.0,en,1.0
MS,MS,ORG,0.1,0.0,en,1.0
Continuum House / Inverse Project,Continuum House / Inverse Project,ORG,0.0,0.0,en,1.0
Ceará,Ceará,ORG,0.0,0.0,en,1.0
"Bragança, Vila Real","Bragança, Vila Real",ORG,0.17214285714285715,0.0,en,1.0
VAR,VAR,ORG,-0.4,0.0,en,1.0
Grupo Revelação,Grupo Revelação,ORG,0.35714285714285715,0.0,en,1.0
Casa Continuum,Casa Continuum,ORG,0.0,0.0,en,1.0
Grupo Revelação's,Grupo Revelação's,ORG,0.2619047619047619,0.0,en,1.0
"Bragança, Évora, Guarda","Bragança, Évora, Guarda",ORG,0.0175,0.0,en,1.0
TMDQA,TMDQA,ORG,0.3125,0.0,en,1.0
iPhone,iPhone,ORG,-0.0625,0.0,en,1.0
Quiñones,Quiñones,ORG,0.0,0.0,en,1.0
Pará,Pará,ORG,0.0,0.0,en,1.0
Paramount,Paramount,ORG,0.0,0.0,en,1.0
Gintama,Gintama,ORG,0.2833333333333333,0.0,en,1.0
Garena,Garena,ORG,0.4,0.0,en,1.0
United States National Weather Service,United States National Weather Service,ORG,0.0,0.0,en,1.0
Pogacar,Pogacar,ORG,1.0,0.0,en,1.0
Rita,Rita,ORG,0.0,0.0,en,1.0
Nightmare,Nightmare,ORG,0.041666666666666664,0.0,en,1.0
North and Center of the country,North and Center of the country,ORG,-0.1125,0.0,en,1.0
Goiás,Goiás,ORG,-0.05,0.0,en,1.0
Vieira de Leiria Volunteer Firefighters,Vieira de Leiria Volunteer Firefighters,ORG,0.0,0.0,en,1.0
Rock ‘n’ Law,Rock ‘n’ Law,ORG,0.0,0.0,en,1.0
Edivaldo - Information,Edivaldo - Information,ORG,0.041666666666666664,0.0,en,1.0
Contemporary Fitness Movement,Contemporary Fitness Movement,ORG,0.16666666666666666,0.0,en,1.0
Banco de Portugal,Banco de Portugal,ORG,-0.6999999999999998,0.0,en,1.0
the World Meteorological Organization,the World Meteorological Organization,ORG,0.35,0.0,en,1.0
United,United,ORG,0.05,0.0,en,1.0
Ombudsman,Ombudsman,ORG,0.0,0.0,en,1.0
Luísa Neto,Luísa Neto,ORG,0.0,0.0,en,1.0
hormonology,hormonology,ORG,-0.6,0.0,en,1.0
Vingegaard,Vingegaard,ORG,1.0,0.0,en,1.0
GLUP,GLUP,ORG,0.25,0.0,en,1.0
Elon Musk,Elon Musk,ORG,0.0,0.0,en,1.0
Del Toro,Del Toro,ORG,0.0,0.0,en,1.0
the Ministry of Tourism,the Ministry of Tourism,ORG,0.0,0.0,en,1.0
Nintendo Switch 2,Nintendo Switch 2,ORG,0.0,0.0,en,1.0
Blog,Blog,ORG,0.041666666666666664,0.0,en,1.0
Star Fox 64,Star Fox 64,ORG,0.0,0.0,en,1.0
Roma/Areeiro,Roma/Areeiro,ORG,0.0,0.0,en,1.0
Fertagus,Fertagus,ORG,-0.22083333333333335,0.0,en,1.0
Marau,Marau,ORG,-0.1,0.0,en,1.0
Citroën,Citroën,ORG,0.3371212121212121,0.0,en,1.0
MotoGP sprint,MotoGP sprint,ORG,0.3,0.0,en,1.0
Aprilia,Aprilia,ORG,0.08333333333333333,0.0,en,1.0
Seixas,Seixas,ORG,0.0,0.0,en,1.0
petricor,petricor,ORG,0.175,0.0,en,1.0
Petricor,Petricor,ORG,0.2,0.0,en,1.0
CITROËN,CITROËN,ORG,0.13636363636363635,0.0,en,1.0
Canaries,Canaries,ORG,0.5,0.0,en,1.0
Aguiar-Branco,Aguiar-Branco,ORG,-0.125,0.0,en,1.0
INEM,INEM,ORG,0.13636363636363635,0.0,en,1.0
AMF Records,AMF Records,ORG,0.016233766233766232,0.0,en,1.0
Revista Cult,Revista Cult,ORG,0.525,0.0,en,1.0
Artificial Intelligence,Artificial Intelligence,ORG,-0.6,0.0,en,1.0
Seismological Observatory,Seismological Observatory,ORG,0.0,0.0,en,1.0
Razer,Razer,ORG,0.0,0.0,en,1.0
Metrópoles,Metrópoles,ORG,-0.13333333333333333,0.0,en,1.0
La Guaira,La Guaira,ORG,0.5,0.0,en,1.0
CReSAP,CReSAP,ORG,-0.45,0.0,en,1.0
The Mabuia-de-Noronha,The Mabuia-de-Noronha,ORG,0.0,0.0,en,1.0
The Île-de-France,The Île-de-France,ORG,0.0,0.0,en,1.0
Monarchy,Monarchy,ORG,0.1666666666666667,0.0,en,1.0
Itamaraty,Itamaraty,ORG,-0.1,0.0,en,1.0
Elon Musk's,Elon Musk's,ORG,-0.6,0.0,en,1.0
WSL,WSL,ORG,-0.10000000000000002,0.0,en,1.0
The United States National Oceanic and Atmospheric Administration,The United States National Oceanic and Atmospheric Administration,ORG,0.2,0.0,en,1.0
The Azteca Stadium,The Azteca Stadium,ORG,-0.4,0.0,en,1.0
Águas Amendmentadas,Águas Amendmentadas,ORG,0.0,0.0,en,1.0
Ministry,Ministry,ORG,0.0,0.0,en,1.0
International Relations,International Relations,ORG,-0.0625,0.0,en,1.0
the Portuguese Society of Allergology and Clinical Immunology,the Portuguese Society of Allergology and Clinical Immunology,ORG,0.05333333333333334,0.0,en,1.0
Federal Aviation Administration,Federal Aviation Administration,ORG,0.13636363636363635,0.0,en,1.0
the State Civil Defense,the State Civil Defense,ORG,-0.3416666666666667,0.0,en,1.0
the Bank of Portugal,the Bank of Portugal,ORG,0.5,0.0,en,1.0
Institute of Legal Medicine,Institute of Legal Medicine,ORG,0.2,0.0,en,1.0
Teatro Aberto,Teatro Aberto,ORG,-0.16666666666666666,0.0,en,1.0
Por Todos Nós,Por Todos Nós,ORG,-0.16666666666666666,0.0,en,1.0
Low Level Jet,Low Level Jet,ORG,0.2222222222222222,0.0,en,1.0
Neto,Neto,ORG,0.5,0.0,en,1.0
Belo Horizonte,Belo Horizonte,ORG,0.0,0.0,en,1.0
Ministry of Foreign Affairs,Ministry of Foreign Affairs,ORG,-0.1625,0.0,en,1.0
Bloober Team,Bloober Team,ORG,-0.4,0.0,en,1.0
Anshar Studios,Anshar Studios,ORG,-0.4,0.0,en,1.0
AHP,AHP,ORG,0.03333333333333333,0.0,en,1.0
Noaa,Noaa,ORG,0.2,0.0,en,1.0
SUMMARY AI Samsung,SUMMARY AI Samsung,ORG,0.0,0.0,en,1.0
Influenza,Influenza,ORG,-0.175,0.0,en,1.0
Caleb,Caleb,ORG,0.25,0.0,en,1.0
the Chilean Undersecretariat of Tourism,the Chilean Undersecretariat of Tourism,ORG,0.5,0.0,en,1.0
Avatar,Avatar,ORG,0.0125,0.0,en,1.0
INSOÔNIA - Curiosities,INSOÔNIA - Curiosities,ORG,0.125,0.0,en,1.0
Milei,Milei,ORG,0.0,0.0,en,1.0
Instability,Instability,ORG,0.06333333333333334,0.0,en,1.0
Pastel de Belém',Pastel de Belém',ORG,0.04318181818181818,0.0,en,1.0
Beira Interior,Beira Interior,ORG,0.10400000000000001,0.0,en,1.0
Martínez,Martínez,ORG,0.7,0.0,en,1.0
ONS,ONS,ORG,0.0,0.0,en,1.0
the Ellipse Foundation,the Ellipse Foundation,ORG,0.0,0.0,en,1.0
the National Electric System Operator,the National Electric System Operator,ORG,0.0,0.0,en,1.0
Neno,Neno,ORG,0.0,0.0,en,1.0
CACE Centro,CACE Centro,ORG,-0.4,0.0,en,1.0
Odair Moniz,Odair Moniz,ORG,0.0,0.0,en,1.0
El,El,ORG,0.14444444444444443,0.0,en,1.0
UBI,UBI,ORG,0.08,0.0,en,1.0
USGS,USGS,ORG,0.16,0.0,en,1.0
Lívia,Lívia,ORG,0.9,0.0,en,1.0
"Bragança, Guarda","Bragança, Guarda",ORG,0.1,0.0,en,1.0
Samsung Galaxy Watch,Samsung Galaxy Watch,ORG,0.0,0.0,en,1.0
BMO Field,BMO Field,ORG,0.0,0.0,en,1.0
MEO,MEO,ORG,0.2,0.0,en,1.0
the New York Knicks,the New York Knicks,ORG,0.13636363636363635,0.0,en,1.0
NBA,NBA,ORG,0.13636363636363635,0.0,en,1.0
Civitatis,Civitatis,ORG,0.0,0.0,en,1.0
the University of Beira Interior,the University of Beira Interior,ORG,0.08,0.0,en,1.0
National Cold Capital,National Cold Capital,ORG,-0.6,0.0,en,1.0
the Procession of the Body of God,the Procession of the Body of God,ORG,0.13636363636363635,0.0,en,1.0
the Alfred Wegener Institute,the Alfred Wegener Institute,ORG,0.04464285714285714,0.0,en,1.0
Cancelo,Cancelo,ORG,0.7,0.0,en,1.0
Final,Final,ORG,-0.2,0.0,en,1.0
the Woods Hole Oceanographic Institute,the Woods Hole Oceanographic Institute,ORG,0.04464285714285714,0.0,en,1.0
SPAIC,SPAIC,ORG,0.05333333333333334,0.0,en,1.0
Periophthalmus,Periophthalmus,ORG,-0.175,0.0,en,1.0
Arara,Arara,ORG,0.25,0.0,en,1.0
National Institute of Meteorology,National Institute of Meteorology,ORG,0.0,0.0,en,1.0
Men's Fall/Winter 2026,Men's Fall/Winter 2026,ORG,0.0,0.0,en,1.0
Canalha,Canalha,ORG,0.6,0.0,en,1.0
LME,LME,ORG,0.0,0.0,en,1.0
Catra,Catra,ORG,0.175,0.0,en,1.0
Peʻahi,Peʻahi,ORG,0.0,0.0,en,1.0
a Ministry of the Future,a Ministry of the Future,ORG,0.0,0.0,en,1.0
HBO,HBO,ORG,0.0,0.0,en,1.0
the OECD Multilateral Instrument,the OECD Multilateral Instrument,ORG,0.1,0.0,en,1.0
Futura Foundation,Futura Foundation,ORG,0.16666666666666666,0.0,en,1.0
ATP,ATP,ORG,0.0,0.0,en,1.0
the London Metal Exchange,the London Metal Exchange,ORG,0.0,0.0,en,1.0
chuño,chuño,ORG,0.15000000000000002,0.0,en,1.0
decentralized Council of Ministers,decentralized Council of Ministers,ORG,0.0,0.0,en,1.0
Mavie,Mavie,ORG,0.0,0.0,en,1.0
DGS Seasonal Health,DGS Seasonal Health,ORG,0.6666666666666666,0.0,en,1.0
"Mirandela, Macedo de Cavaleiros","Mirandela, Macedo de Cavaleiros",ORG,0.0,0.0,en,1.0
Catalina,Catalina,ORG,0.15833333333333333,0.0,en,1.0
the Federal Revenue Secretariat,the Federal Revenue Secretariat,ORG,0.15357142857142858,0.0,en,1.0
-Piracicaba Festival of Nations,-Piracicaba Festival of Nations,ORG,0.0,0.0,en,1.0
Infantino,Infantino,ORG,0.0,0.0,en,1.0
BC Place,BC Place,ORG,0.0,0.0,en,1.0
IDMC,IDMC,ORG,-0.125,0.0,en,1.0
Azul,Azul,ORG,0.0,0.0,en,1.0
the National Elections Commission,the National Elections Commission,ORG,-0.125,0.0,en,1.0
Entroncamento,Entroncamento,ORG,0.0,0.0,en,1.0
Encantado,Encantado,ORG,0.0,0.0,en,1.0
Looming El Niño,Looming El Niño,ORG,0.1875,0.0,en,1.0
III,III,ORG,0.35714285714285715,0.0,en,1.0
Oriente,Oriente,ORG,0.0,0.0,en,1.0
Shakhtar,Shakhtar,ORG,0.0,0.0,en,1.0
Win Hof,Win Hof,ORG,-0.1333333333333333,0.0,en,1.0
Wim Hof,Wim Hof,ORG,-0.6,0.0,en,1.0
Guaíba,Guaíba,ORG,0.0,0.0,en,1.0
Pacifico,Pacifico,ORG,0.13222222222222224,0.0,en,1.0
Gakpo,Gakpo,ORG,-0.1,0.0,en,1.0
MT,MT,ORG,0.0,0.0,en,1.0
Mondim de Basto,Mondim de Basto,ORG,0.5,0.0,en,1.0
Fisgas de Ermelo,Fisgas de Ermelo,ORG,0.5,0.0,en,1.0
El Niño Godzilla',El Niño Godzilla',ORG,-0.1,0.0,en,1.0
the World Meteorological Organization (WMO,the World Meteorological Organization (WMO,ORG,0.018181818181818174,0.0,en,1.0
Ibope da TV,Ibope da TV,ORG,0.6,0.0,en,1.0
Hospital Sírio Libanês,Hospital Sírio Libanês,ORG,0.2,0.0,en,1.0
the Federation of Industries of the State of São Paulo,the Federation of Industries of the State of São Paulo,ORG,-0.1,0.0,en,1.0
the Port Authority of Setúbal,the Port Authority of Setúbal,ORG,0.0,0.0,en,1.0
PS parliamentary days,PS parliamentary days,ORG,0.0,0.0,en,1.0
"the PS of ""","the PS of """,ORG,0.0,0.0,en,1.0
Freixo de Espada à Cinta,Freixo de Espada à Cinta,ORG,-0.25,0.0,en,1.0
the National Assembly of Venezuela,the National Assembly of Venezuela,ORG,0.0,0.0,en,1.0
the Hong Kong Observatory,the Hong Kong Observatory,ORG,-0.03333333333333333,0.0,en,1.0
Fachin,Fachin,ORG,0.0,0.0,en,1.0
Cazé TV,Cazé TV,ORG,0.6,0.0,en,1.0
Cazé,Cazé,ORG,0.875,0.0,en,1.0
Super El Niño',Super El Niño',ORG,0.16666666666666666,0.0,en,1.0
the College of Mexico,the College of Mexico,ORG,-0.0625,0.0,en,1.0
German Research Center for Geosciences (,German Research Center for Geosciences (,ORG,-0.05,0.0,en,1.0
Penamacor,Penamacor,ORG,0.0,0.0,en,1.0
GFZ,GFZ,ORG,0.0,0.0,en,1.0
MAI,MAI,ORG,0.35,0.0,en,1.0
Osório,Osório,ORG,-0.15555555555555559,0.0,en,1.0
​​but,​​but,ORG,-0.1,0.0,en,1.0
GP,GP,ORG,-0.1,0.0,en,1.0
Phalaenopsis,Phalaenopsis,ORG,0.16666666666666666,0.0,en,1.0
Sete de Setembro,Sete de Setembro,ORG,-0.3,0.0,en,1.0
VSC,VSC,ORG,0.0,0.0,en,1.0
Sprint,Sprint,ORG,0.2,0.0,en,1.0
Virada Cultural 2026,Virada Cultural 2026,ORG,0.31666666666666665,0.0,en,1.0
Tuga,Tuga,ORG,0.0,0.0,en,1.0
The Ministry of Education,The Ministry of Education,ORG,0.0,0.0,en,1.0
Senna,Senna,ORG,0.25,0.0,en,1.0
the Champions League,the Champions League,ORG,0.0,0.0,en,1.0
Calorão,Calorão,ORG,0.0,0.0,en,1.0
Cotrim,Cotrim,ORG,0.0,0.0,en,1.0
km²,km²,ORG,0.10714285714285714,0.0,en,1.0
"Vila Real, Beja","Vila Real, Beja",ORG,0.025000000000000005,0.0,en,1.0
Cybercrime,Cybercrime,ORG,-0.02037037037037039,0.0,en,1.0
Dryer,Dryer,ORG,-0.05555555555555555,0.0,en,1.0
Reproduction/EPTV Campinas,Reproduction/EPTV Campinas,ORG,0.3333333333333333,0.0,en,1.0
Red Bull Bragantino,Red Bull Bragantino,ORG,0.0,0.0,en,1.0
Copinha,Copinha,ORG,0.0,0.0,en,1.0
ZCAS,ZCAS,ORG,-0.08125,0.0,en,1.0
Eternit,Eternit,ORG,0.08333333333333333,0.0,en,1.0
UN Institute,UN Institute,ORG,0.0,0.0,en,1.0
Enceladus,Enceladus,ORG,0.1,0.0,en,1.0
Chaves,Chaves,ORG,0.0,0.0,en,1.0
the Mina Córrego,the Mina Córrego,ORG,0.0,0.0,en,1.0
Octapharma,Octapharma,ORG,0.0,0.0,en,1.0
National Emergency and Civil Protection Authority,National Emergency and Civil Protection Authority,ORG,-0.26666666666666666,0.0,en,1.0
Lightning,Lightning,ORG,0.0,0.0,en,1.0
Goretti Depression,Goretti Depression,ORG,0.4333333333333333,0.0,en,1.0
Gramado,Gramado,ORG,0.15000000000000002,0.0,en,1.0
"Samsung Electronics Co., Ltd.","Samsung Electronics Co., Ltd.",ORG,0.0,0.0,en,1.0
Campinas Reproduction/EPTV,Campinas Reproduction/EPTV,ORG,0.09999999999999999,0.0,en,1.0
Campo da Mata,Campo da Mata,ORG,-0.2625,0.0,en,1.0
Farroupilha,Farroupilha,ORG,0.0,0.0,en,1.0
the State Council,the State Council,ORG,0.0,0.0,en,1.0
the Council of State,the Council of State,ORG,0.0,0.0,en,1.0
BBC Future,BBC Future,ORG,0.0,0.0,en,1.0
New York Times,New York Times,ORG,0.14069264069264067,0.0,en,1.0
American,American,ORG,0.18333333333333335,0.0,en,1.0
The Fire Department,The Fire Department,ORG,0.0,0.0,en,1.0
the Portuguese Football Federation,the Portuguese Football Federation,ORG,0.11363636363636363,0.0,en,1.0
Leadership and Power,Leadership and Power,ORG,0.25,0.0,en,1.0
the School of Sociology and Politics,the School of Sociology and Politics,ORG,0.25,0.0,en,1.0
FESPSP,FESPSP,ORG,0.25,0.0,en,1.0
the Municipal Department,the Municipal Department,ORG,0.0,0.0,en,1.0
Eastern Group,Eastern Group,ORG,-0.0625,0.0,en,1.0
Inter's year,Inter's year,ORG,-0.12000000000000001,0.0,en,1.0
Internacional,Internacional,ORG,-0.10000000000000002,0.0,en,1.0
El Chichón,El Chichón,ORG,-0.3166666666666667,0.0,en,1.0
megastorm,megastorm,ORG,0.0,0.0,en,1.0
the Interlagos Circuit,the Interlagos Circuit,ORG,0.0,0.0,en,1.0
EMSC,EMSC,ORG,0.0,0.0,en,1.0
Landsat 8,Landsat 8,ORG,0.1,0.0,en,1.0
Leonardo,Leonardo,ORG,0.0,0.0,en,1.0
the Portuguese Sports Confederation,the Portuguese Sports Confederation,ORG,0.0,0.0,en,1.0
the European Commission,the European Commission,ORG,0.0,0.0,en,1.0
Botafogo,Botafogo,ORG,0.03333333333333333,0.0,en,1.0
Textor,Textor,ORG,0.03333333333333333,0.0,en,1.0
Spotify,Spotify,ORG,0.25,0.0,en,1.0
Douro,Douro,ORG,-0.1125,0.0,en,1.0
Heatwaves,Heatwaves,ORG,0.1,0.0,en,1.0
Santo António,Santo António,ORG,0.5,0.0,en,1.0
GPS,GPS,ORG,0.0,0.0,en,1.0
Mozambican meteorology institute,Mozambican meteorology institute,ORG,0.0,0.0,en,1.0
Seismovolcanic,Seismovolcanic,ORG,0.0,0.0,en,1.0
Rede Expressos,Rede Expressos,ORG,0.0,0.0,en,1.0
sambas,sambas,ORG,0.0,0.0,en,1.0
"Leiria, Santarém, Lisbon, Setúbal, Beja","Leiria, Santarém, Lisbon, Setúbal, Beja",ORG,0.0,0.0,en,1.0
Estádio,Estádio,ORG,0.0,0.0,en,1.0
ABC,ABC,ORG,0.0,0.0,en,1.0
Billings,Billings,ORG,0.1,0.0,en,1.0
Clash,Clash,ORG,0.005681818181818177,0.0,en,1.0
the I League,the I League,ORG,-0.2,0.0,en,1.0
NASCAR,NASCAR,ORG,0.005681818181818177,0.0,en,1.0
SC Braga,SC Braga,ORG,0.18333333333333335,0.0,en,1.0
Olhar,Olhar,ORG,0.3287878787878788,0.0,en,1.0
Snowstorm,Snowstorm,ORG,-0.3166666666666667,0.0,en,1.0
Android Faithful,Android Faithful,ORG,-0.3166666666666667,0.0,en,1.0
the Council of Ministers,the Council of Ministers,ORG,0.5,0.0,en,1.0
ADRA,ADRA,ORG,0.012500000000000004,0.0,en,1.0
the Quinta Animal Association,the Quinta Animal Association,ORG,-0.3083333333333333,0.0,en,1.0
the Leiria National Forest,the Leiria National Forest,ORG,0.21428571428571427,0.0,en,1.0
Meo,Meo,ORG,-0.16666666666666669,0.0,en,1.0
Nos,Nos,ORG,-0.16666666666666669,0.0,en,1.0
Vodafone,Vodafone,ORG,-0.16666666666666669,0.0,en,1.0
European Commission,European Commission,ORG,0.0,0.0,en,1.0
solidarity,solidarity,ORG,0.0,0.0,en,1.0
José,José,ORG,0.0,0.0,en,1.0
PPE,PPE,ORG,0.0,0.0,en,1.0
EU Observatory,EU Observatory,ORG,0.0,0.0,en,1.0
Kaolinite,Kaolinite,ORG,-0.08333333333333333,0.0,en,1.0
The Portuguese Federation,The Portuguese Federation,ORG,-0.2625,0.0,en,1.0
the Estádio da Luz,the Estádio da Luz,ORG,0.02777777777777778,0.0,en,1.0
Torga,Torga,ORG,0.0,0.0,en,1.0
Coastal,Coastal,ORG,-0.125,0.0,en,1.0
the National Water Resources Information System,the National Water Resources Information System,ORG,-0.16666666666666666,0.0,en,1.0
SNIRH,SNIRH,ORG,-0.16666666666666666,0.0,en,1.0
Monaco,Monaco,ORG,0.0,0.0,en,1.0
the Port Authority of Funchal,the Port Authority of Funchal,ORG,-0.13333333333333328,0.0,en,1.0
Sauber,Sauber,ORG,0.4,0.0,en,1.0
Cultura,Cultura,ORG,0.16666666666666666,0.0,en,1.0
The Copernicus Climate Change Monitoring Service,The Copernicus Climate Change Monitoring Service,ORG,0.0,0.0,en,1.0
CPFL Energia's,CPFL Energia's,ORG,0.0,0.0,en,1.0
Passos,Passos,ORG,-0.6666666666666666,0.0,en,1.0
the National Anti-Corruption Mechanism,the National Anti-Corruption Mechanism,ORG,0.0,0.0,en,1.0
MENAC,MENAC,ORG,0.0,0.0,en,1.0
Operation Marquis,Operation Marquis,ORG,0.0,0.0,en,1.0
Clara Pinto Correia,Clara Pinto Correia,ORG,0.45000000000000007,0.0,en,1.0
the Civil Defense of RS,the Civil Defense of RS,ORG,0.0,0.0,en,1.0
Elon,Elon,ORG,0.375,0.0,en,1.0
Musk,Musk,ORG,0.0,0.0,en,1.0
the Union of European Socialist Republics,the Union of European Socialist Republics,ORG,0.0,0.0,en,1.0
Aigra Nova,Aigra Nova,ORG,0.05,0.0,en,1.0
the Narnia Laboratory,the Narnia Laboratory,ORG,-0.1,0.0,en,1.0
WSJ,WSJ,ORG,0.0625,0.0,en,1.0
Ford,Ford,ORG,0.0,0.0,en,1.0
UNESCO World Heritage Site,UNESCO World Heritage Site,ORG,0.0,0.0,en,1.0
CCDR,CCDR,ORG,0.0,0.0,en,1.0
Avisem Que Eu Cheguei,Avisem Que Eu Cheguei,ORG,0.032467532467532464,0.0,en,1.0
Albufeira,Albufeira,ORG,0.0,0.0,en,1.0
Fruit,Fruit,ORG,0.0,0.0,en,1.0
Belém,Belém,ORG,0.13333333333333333,0.0,en,1.0
Mendes,Mendes,ORG,0.0,0.0,en,1.0
Arco Norte,Arco Norte,ORG,0.0,0.0,en,1.0
Old Trafford,Old Trafford,ORG,0.14666666666666667,0.0,en,1.0
Micro,Micro,ORG,-0.25,0.0,en,1.0
ESA,ESA,ORG,0.25,0.0,en,1.0
MasterChef Celebrities,MasterChef Celebrities,ORG,0.0,0.0,en,1.0
IPH,IPH,ORG,0.20625,0.0,en,1.0
Pantanal,Pantanal,ORG,0.225,0.0,en,1.0
UFRGS,UFRGS,ORG,0.0,0.0,en,1.0
The Judicial Employees Union,The Judicial Employees Union,ORG,-0.1878787878787879,0.0,en,1.0
Bar,Bar,ORG,-0.1878787878787879,0.0,en,1.0
RS Civil Defense,RS Civil Defense,ORG,0.0,0.0,en,1.0
PetPulse Insights,PetPulse Insights,ORG,0.1,0.0,en,1.0
BES,BES,ORG,0.0,0.0,en,1.0
the European Court of Human Rights,the European Court of Human Rights,ORG,0.0,0.0,en,1.0
MGI Tech,MGI Tech,ORG,0.0,0.0,en,1.0
the University of Lisbon,the University of Lisbon,ORG,0.0,0.0,en,1.0
the Piornos Snow Cleaning Center,the Piornos Snow Cleaning Center,ORG,0.018181818181818174,0.0,en,1.0
Covilhã,Covilhã,ORG,0.018181818181818174,0.0,en,1.0
Dead Poets Society,Dead Poets Society,ORG,-0.30000000000000004,0.0,en,1.0
Church of England,Church of England,ORG,0.0,0.0,en,1.0
Tarcísio,Tarcísio,ORG,0.16666666666666666,0.0,en,1.0
Press,Press,ORG,0.13636363636363635,0.0,en,1.0
LG Micro,LG Micro,ORG,0.5,0.0,en,1.0
QNAP,QNAP,ORG,0.5,0.0,en,1.0
Federal Court,Federal Court,ORG,0.0,0.0,en,1.0
Joinville,Joinville,ORG,0.0,0.0,en,1.0
MIT,MIT,ORG,0.0,0.0,en,1.0
Nevão,Nevão,ORG,0.0,0.0,en,1.0
Ponte de Lima,Ponte de Lima,ORG,0.0,0.0,en,1.0
Nissan,Nissan,ORG,0.125,0.0,en,1.0
the Dacia Duster Hybrid-G,the Dacia Duster Hybrid-G,ORG,0.125,0.0,en,1.0
Climate Plan,Climate Plan,ORG,0.12878787878787878,0.0,en,1.0
the Inter-American Criminal Court,the Inter-American Criminal Court,ORG,-0.2,0.0,en,1.0
​​which Expresso,​​which Expresso,ORG,-0.2,0.0,en,1.0
Energy,Energy,ORG,0.0625,0.0,en,1.0
the Mubadala Brazil SailGP Team's,the Mubadala Brazil SailGP Team's,ORG,-0.2,0.0,en,1.0
The Mubadala Brazil SailGP Team,The Mubadala Brazil SailGP Team,ORG,0.1875,0.0,en,1.0
the Court of Auditors,the Court of Auditors,ORG,0.0,0.0,en,1.0
Açor,Açor,ORG,0.2,0.0,en,1.0
Estrela mountains,Estrela mountains,ORG,0.2,0.0,en,1.0
the Europa League,the Europa League,ORG,0.0,0.0,en,1.0
Ryanair,Ryanair,ORG,-0.125,0.0,en,1.0
Marítimo-Benfica B,Marítimo-Benfica B,ORG,-0.4124999999999999,0.0,en,1.0
the Israeli Ministry of Justice,the Israeli Ministry of Justice,ORG,-0.2,0.0,en,1.0
Marítimo,Marítimo,ORG,-0.20000000000000004,0.0,en,1.0
the II League,the II League,ORG,-0.20000000000000004,0.0,en,1.0
Divinópolis,Divinópolis,ORG,0.0,0.0,en,1.0
Mass,Mass,ORG,0.0,0.0,en,1.0
Carrington Event,Carrington Event,ORG,0.0,0.0,en,1.0
Sérgio Castro,Sérgio Castro,ORG,0.1625,0.0,en,1.0
F1,F1,ORG,1.0,0.0,en,1.0
Toyota,Toyota,ORG,0.0,0.0,en,1.0
Baracoa,Baracoa,ORG,0.05,0.0,en,1.0
São Paulo,São Paulo,ORG,0.0,0.0,en,1.0
Rio das Mortes,Rio das Mortes,ORG,0.3287878787878788,0.0,en,1.0
ECMWF,ECMWF,ORG,0.12000000000000002,0.0,en,1.0
the Chamber of Leiria,the Chamber of Leiria,ORG,-0.2,0.0,en,1.0
Eurofarma RC,Eurofarma RC,ORG,0.35,0.0,en,1.0
American EV,American EV,ORG,0.08333333333333333,0.0,en,1.0
Slate Auto,Slate Auto,ORG,-0.5499999999999999,0.0,en,1.0
The European Commission,The European Commission,ORG,0.07878787878787878,0.0,en,1.0
Giant,Giant,ORG,0.18333333333333335,0.0,en,1.0
Azzurri,Azzurri,ORG,0.05000000000000001,0.0,en,1.0
the Minister of Health,the Minister of Health,ORG,0.0,0.0,en,1.0
Porto de Mós Chamber,Porto de Mós Chamber,ORG,0.8,0.0,en,1.0
BBB,BBB,ORG,0.0,0.0,en,1.0
Krakatoa,Krakatoa,ORG,0.08571428571428573,0.0,en,1.0
Presidencia Aberta,Presidencia Aberta,ORG,0.5,0.0,en,1.0
Guns N' Roses - Review,Guns N' Roses - Review,ORG,0.0,0.0,en,1.0
Guns N' Roses,Guns N' Roses,ORG,0.25,0.0,en,1.0
Câmara de Pombal,Câmara de Pombal,ORG,0.0,0.0,en,1.0
Estadão,Estadão,ORG,0.0,0.0,en,1.0
the European Center for Medium-Range Weather Forecasts,the European Center for Medium-Range Weather Forecasts,ORG,0.12000000000000002,0.0,en,1.0
Águas Mansas',Águas Mansas',ORG,0.0,0.0,en,1.0
State for Tourism,State for Tourism,ORG,0.05,0.0,en,1.0
the Portuguese Environment Agency,the Portuguese Environment Agency,ORG,0.125,0.0,en,1.0
IAHGP,IAHGP,ORG,-0.025,0.0,en,1.0
AML,AML,ORG,0.0,0.0,en,1.0
Bologna and Milan,Bologna and Milan,ORG,0.0,0.0,en,1.0
ATAM,ATAM,ORG,0.0,0.0,en,1.0
Blue tumbergia,Blue tumbergia,ORG,0.2958333333333333,0.0,en,1.0
Milena,Milena,ORG,0.0,0.0,en,1.0
Dysphagia,Dysphagia,ORG,0.175,0.0,en,1.0
Bragantino x Botafogo,Bragantino x Botafogo,ORG,-0.1,0.0,en,1.0
Citizens,Citizens,ORG,0.3181818181818182,0.0,en,1.0
​​crueler,​​crueler,ORG,0.0,0.0,en,1.0
Fofana,Fofana,ORG,0.0,0.0,en,1.0
Sameiro,Sameiro,ORG,0.0,0.0,en,1.0
Dragons,Dragons,ORG,0.0,0.0,en,1.0
the Portuguese Olympic Committee,the Portuguese Olympic Committee,ORG,0.0,0.0,en,1.0
MotorDream,MotorDream,ORG,0.25,0.0,en,1.0
People's Choice,People's Choice,ORG,-0.012499999999999997,0.0,en,1.0
the Mosque-Cathedral,the Mosque-Cathedral,ORG,0.0,0.0,en,1.0
The Field Insurance,The Field Insurance,ORG,0.0,0.0,en,1.0
the European Center for Meteorological Forecasts,the European Center for Meteorological Forecasts,ORG,0.10075757575757575,0.0,en,1.0
Operation Marquês,Operation Marquês,ORG,0.13636363636363635,0.0,en,1.0
Rock and Heavy Metal,Rock and Heavy Metal,ORG,0.15,0.0,en,1.0
World Press Photo,World Press Photo,ORG,0.3125,0.0,en,1.0
UNITA,UNITA,ORG,0.0,0.0,en,1.0
the São Paulo State University (Unesp,the São Paulo State University (Unesp,ORG,0.0,0.0,en,1.0
Playbo,Playbo,ORG,-0.3,0.0,en,1.0
Sweat,Sweat,ORG,0.5,0.0,en,1.0
the Intermunicipal Community,the Intermunicipal Community,ORG,-0.0125,0.0,en,1.0
the Parish Council of Monte Real,the Parish Council of Monte Real,ORG,0.2,0.0,en,1.0
Carvide,Carvide,ORG,0.2,0.0,en,1.0
Al Jazeera,Al Jazeera,ORG,0.0625,0.0,en,1.0
decarbonize,decarbonize,ORG,0.0,0.0,en,1.0
Carajás,Carajás,ORG,0.02878787878787879,0.0,en,1.0
Minas Gerais,Minas Gerais,ORG,-0.033333333333333326,0.0,en,1.0
IBGE,IBGE,ORG,0.0,0.0,en,1.0
Nes,Nes,ORG,0.0,0.0,en,1.0
CV,CV,ORG,0.06818181818181818,0.0,en,1.0
Central Bank,Central Bank,ORG,0.06818181818181818,0.0,en,1.0
Primeiro Comando da Capital,Primeiro Comando da Capital,ORG,-0.08333333333333333,0.0,en,1.0
SIC,SIC,ORG,0.14823232323232322,0.0,en,1.0
Saint-Gobain,Saint-Gobain,ORG,0.6,0.0,en,1.0
Bula,Bula,ORG,0.21103896103896103,0.0,en,1.0
Tierra del Fuego,Tierra del Fuego,ORG,0.3526785714285714,0.0,en,1.0
Serasa Experian,Serasa Experian,ORG,0.0,0.0,en,1.0
Monitoring Center,Monitoring Center,ORG,-0.05,0.0,en,1.0
Grande Sertão,Grande Sertão,ORG,0.0,0.0,en,1.0
Centrais Elétricas de,Centrais Elétricas de,ORG,0.25,0.0,en,1.0
TCU,TCU,ORG,0.0,0.0,en,1.0
the Finance and Taxation Committee,the Finance and Taxation Committee,ORG,0.0,0.0,en,1.0
House,House,ORG,0.0,0.0,en,1.0
Truth Social,Truth Social,ORG,0.26666666666666666,0.0,en,1.0
the Atlantic Alliance,the Atlantic Alliance,ORG,0.02500000000000001,0.0,en,1.0
IUCN,IUCN,ORG,0.065,0.0,en,1.0
Vinhais,Vinhais,ORG,0.0,0.0,en,1.0
Rutte,Rutte,ORG,0.0,0.0,en,1.0
The Copernicus Service,The Copernicus Service,ORG,-0.1,0.0,en,1.0
cricos,cricos,ORG,0.0,0.0,en,1.0
Summary AI Samsung,Summary AI Samsung,ORG,-0.08888888888888886,0.0,en,1.0
AI Black,AI Black,ORG,-0.08888888888888886,0.0,en,1.0
BTS,BTS,ORG,-0.2,0.0,en,1.0
"the Archaeological, Historical and Geographic Institute of Pernambuco","the Archaeological, Historical and Geographic Institute of Pernambuco",ORG,-0.025,0.0,en,1.0
Conan,Conan,ORG,0.0,0.0,en,1.0
IPG,IPG,ORG,0.016666666666666663,0.0,en,1.0
Marques,Marques,ORG,0.0,0.0,en,1.0
Ande,Ande,ORG,-0.23333333333333334,0.0,en,1.0
Inam,Inam,ORG,0.0,0.0,en,1.0
Algarve Dams,Algarve Dams,ORG,0.0,0.0,en,1.0
Kerstin,Kerstin,ORG,0.1898989898989899,0.0,en,1.0
Pacific,Pacific,ORG,0.125,0.0,en,1.0
National Civil Protection Emergency Plan,National Civil Protection Emergency Plan,ORG,0.0,0.0,en,1.0
The National Civil Protection Emergency Plan,The National Civil Protection Emergency Plan,ORG,0.011666666666666667,0.0,en,1.0
Berlinale,Berlinale,ORG,0.1,0.0,en,1.0
Globo/Estevam Avellar,Globo/Estevam Avellar,ORG,0.0,0.0,en,1.0
UOL,UOL,ORG,-0.10625,0.0,en,1.0
Leão,Leão,ORG,0.04999999999999999,0.0,en,1.0
Diário da República,Diário da República,ORG,0.0,0.0,en,1.0
Economy and Internal Administration,Economy and Internal Administration,ORG,-0.041666666666666664,0.0,en,1.0
BBC News,BBC News,ORG,0.0,0.0,en,1.0
MetSul,MetSul,ORG,0.0,0.0,en,1.0
US Powerball,US Powerball,ORG,0.25,0.0,en,1.0
Fronhas,Fronhas,ORG,0.13888888888888887,0.0,en,1.0
Atlas and Sharing Love,Atlas and Sharing Love,ORG,0.275,0.0,en,1.0
the Holy See,the Holy See,ORG,0.13636363636363635,0.0,en,1.0
Google Brazil,Google Brazil,ORG,0.08333333333333333,0.0,en,1.0
Surma,Surma,ORG,0.0,0.0,en,1.0
Simpla Invest,Simpla Invest,ORG,0.0,0.0,en,1.0
"Civil Protection, Government","Civil Protection, Government",ORG,0.0,0.0,en,1.0
Auschwitz,Auschwitz,ORG,0.15,0.0,en,1.0
the Auschwitz-Birkenau State Museum,the Auschwitz-Birkenau State Museum,ORG,0.0,0.0,en,1.0
the Official Gazette,the Official Gazette,ORG,0.0,0.0,en,1.0
the Constitutional Court,the Constitutional Court,ORG,0.0,0.0,en,1.0
Tokeniza,Tokeniza,ORG,0.19999999999999998,0.0,en,1.0
Startup,Startup,ORG,0.19999999999999998,0.0,en,1.0
James,James,ORG,0.4,0.0,en,1.0
the Portuguese Embassy,the Portuguese Embassy,ORG,0.0,0.0,en,1.0
Vasco Pulido Valente,Vasco Pulido Valente,ORG,0.0,0.0,en,1.0
ERP Portugal,ERP Portugal,ORG,0.15357142857142858,0.0,en,1.0
Gezani,Gezani,ORG,-0.075,0.0,en,1.0
Orban,Orban,ORG,0.09999999999999999,0.0,en,1.0
Davidson de Souza,Davidson de Souza,ORG,-0.08333333333333334,0.0,en,1.0
Casa Capitão,Casa Capitão,ORG,0.0,0.0,en,1.0
Iolanda,Iolanda,ORG,0.0,0.0,en,1.0
Popó,Popó,ORG,0.0,0.0,en,1.0
opera,opera,ORG,0.0,0.0,en,1.0
ICU,ICU,ORG,0.0,0.0,en,1.0
Folha,Folha,ORG,0.1,0.0,en,1.0
Hisense,Hisense,ORG,0.21428571428571427,0.0,en,1.0
LEGO,LEGO,ORG,0.21428571428571427,0.0,en,1.0
Central Group,Central Group,ORG,0.0,0.0,en,1.0
Faial,Faial,ORG,0.0,0.0,en,1.0
Guarulhos City Council,Guarulhos City Council,ORG,0.2,0.0,en,1.0
Honda,Honda,ORG,-0.2041666666666667,0.0,en,1.0
Supercells,Supercells,ORG,-0.15,0.0,en,1.0
Bradesco BBI,Bradesco BBI,ORG,0.275,0.0,en,1.0
US National Weather Service,US National Weather Service,ORG,0.0,0.0,en,1.0
Pinheiros,Pinheiros,ORG,0.0,0.0,en,1.0
Bold,Bold,ORG,0.16444444444444442,0.0,en,1.0
Michelin,Michelin,ORG,0.13636363636363635,0.0,en,1.0
the Michelin Guide's,the Michelin Guide's,ORG,0.13636363636363635,0.0,en,1.0
SP records,SP records,ORG,0.0,0.0,en,1.0
TSE,TSE,ORG,0.0,0.0,en,1.0
the Dolby Theater,the Dolby Theater,ORG,-0.1,0.0,en,1.0
Platform 10,Platform 10,ORG,0.08333333333333333,0.0,en,1.0
HUAWEI,HUAWEI,ORG,0.21428571428571427,0.0,en,1.0
Galaxy S26,Galaxy S26,ORG,0.21428571428571427,0.0,en,1.0
ANAHP,ANAHP,ORG,0.21428571428571427,0.0,en,1.0
Maraca,Maraca,ORG,0.19444444444444445,0.0,en,1.0
Alcolumbre,Alcolumbre,ORG,0.0,0.0,en,1.0
INSS,INSS,ORG,0.0,0.0,en,1.0
Instagram,Instagram,ORG,0.0,0.0,en,1.0
the Arbitration Council,the Arbitration Council,ORG,0.0,0.0,en,1.0
Bava,Bava,ORG,0.0,0.0,en,1.0
Portugal Telecom,Portugal Telecom,ORG,0.03333333333333333,0.0,en,1.0
Fla-Flu,Fla-Flu,ORG,0.0,0.0,en,1.0
Enem,Enem,ORG,0.0,0.0,en,1.0
the National Emergency and Civil Protection Authority,the National Emergency and Civil Protection Authority,ORG,0.0,0.0,en,1.0
Medicine,Medicine,ORG,0.0,0.0,en,1.0
UEPA,UEPA,ORG,0.0,0.0,en,1.0
UFRJ,UFRJ,ORG,0.0,0.0,en,1.0
ConJur,ConJur,ORG,0.13636363636363635,0.0,en,1.0
the Rio-Niterói Bridge,the Rio-Niterói Bridge,ORG,0.0,0.0,en,1.0
São Vicente,São Vicente,ORG,-0.12222222222222223,0.0,en,1.0
Mértola,Mértola,ORG,0.08333333333333334,0.0,en,1.0
Cerrado,Cerrado,ORG,0.6,0.0,en,1.0
